0,10,1,10,2.7451e-08,1.011e-07
0,10,1,18,1.1862e-07,-1.72e-08
0,10,1,26,8.2904e-08,-5.0507e-08
0,10,1,34,6.0313e-08,-7.2802e-08
0,10,1,42,1.0373e-07,-3.4041e-08
0,10,1,50,1.1074e-07,-5.4732e-09
0,10,3,10,2.7451e-08,1.011e-07
0,10,3,18,1.1862e-07,-1.72e-08
0,10,3,26,8.2904e-08,-5.0507e-08
0,10,3,34,6.0313e-08,-7.2802e-08
0,10,3,42,1.0373e-07,-3.4041e-08
0,10,3,50,1.1074e-07,-5.4732e-09
0,10,5,10,2.7451e-08,1.011e-07
0,10,5,18,1.1862e-07,-1.72e-08
0,10,5,26,8.2904e-08,-5.0507e-08
0,10,5,34,6.0313e-08,-7.2802e-08
0,10,5,42,1.0373e-07,-3.4041e-08
0,10,5,50,1.1074e-07,-5.4732e-09
0,10,7,10,2.7451e-08,1.011e-07
0,10,7,18,1.1862e-07,-1.72e-08
0,10,7,26,8.2904e-08,-5.0507e-08
0,10,7,34,6.0313e-08,-7.2802e-08
0,10,7,42,1.0373e-07,-3.4041e-08
0,10,7,50,1.1074e-07,-5.4732e-09
0,10,9,10,2.7451e-08,1.011e-07
0,10,9,18,1.1862e-07,-1.72e-08
0,10,9,26,8.2904e-08,-5.0507e-08
0,10,9,34,6.0313e-08,-7.2802e-08
0,10,9,42,1.0373e-07,-3.4041e-08
0,10,9,50,1.1074e-07,-5.4732e-09
0,10,11,10,2.7451e-08,1.011e-07
0,10,11,18,1.1862e-07,-1.72e-08
0,10,11,26,8.2904e-08,-5.0507e-08
0,10,11,34,6.0313e-08,-7.2802e-08
0,10,11,42,1.0373e-07,-3.4041e-08
0,10,11,50,1.1074e-07,-5.4732e-09
0,30,1,10,6.1409e-08,2.0889e-07
0,30,1,18,2.4125e-07,-4.7214e-08
0,30,1,26,1.7291e-07,-1.5807e-07
0,30,1,34,1.2405e-07,-1.8744e-07
0,30,1,42,2.3991e-07,-8.8103e-08
0,30,1,50,2.7256e-07,-9.8428e-09
0,30,3,10,6.1409e-08,2.0889e-07
0,30,3,18,2.4125e-07,-4.7214e-08
0,30,3,26,1.7291e-07,-1.5807e-07
0,30,3,34,1.2405e-07,-1.8744e-07
0,30,3,42,2.3991e-07,-8.8103e-08
0,30,3,50,2.7256e-07,-9.8428e-09
0,30,5,10,6.1409e-08,2.0889e-07
0,30,5,18,2.4125e-07,-4.7214e-08
0,30,5,26,1.7291e-07,-1.5807e-07
0,30,5,34,1.2405e-07,-1.8744e-07
0,30,5,42,2.3991e-07,-8.8103e-08
0,30,5,50,2.7256e-07,-9.8428e-09
0,30,7,10,6.1409e-08,2.0889e-07
0,30,7,18,2.4125e-07,-4.7214e-08
0,30,7,26,1.7291e-07,-1.5807e-07
0,30,7,34,1.2405e-07,-1.8744e-07
0,30,7,42,2.3991e-07,-8.8103e-08
0,30,7,50,2.7256e-07,-9.8428e-09
0,30,9,10,6.1409e-08,2.0889e-07
0,30,9,18,2.4125e-07,-4.7214e-08
0,30,9,26,1.7291e-07,-1.5807e-07
0,30,9,34,1.2405e-07,-1.8744e-07
0,30,9,42,2.3991e-07,-8.8103e-08
0,30,9,50,2.7256e-07,-9.8428e-09
0,30,11,10,6.1409e-08,2.0889e-07
0,30,11,18,2.4125e-07,-4.7214e-08
0,30,11,26,1.7291e-07,-1.5807e-07
0,30,11,34,1.2405e-07,-1.8744e-07
0,30,11,42,2.3991e-07,-8.8103e-08
0,30,11,50,2.7256e-07,-9.8428e-09
0,50,1,10,1.1282e-07,1.7078e-07
0,50,1,18,1.9583e-07,-7.0223e-08
0,50,1,26,2.1585e-07,-2.5803e-07
0,50,1,34,1.8818e-07,-2.4188e-07
0,50,1,42,3.1602e-07,-1.1705e-07
0,50,1,50,3.722e-07,-5.6937e-09
0,50,3,10,1.1282e-07,1.7078e-07
0,50,3,18,1.9583e-07,-7.0223e-08
0,50,3,26,2.1585e-07,-2.5803e-07
0,50,3,34,1.8818e-07,-2.4188e-07
0,50,3,42,3.1602e-07,-1.1705e-07
0,50,3,50,3.722e-07,-5.6937e-09
0,50,5,10,1.1282e-07,1.7078e-07
0,50,5,18,1.9583e-07,-7.0223e-08
0,50,5,26,2.1585e-07,-2.5803e-07
0,50,5,34,1.8818e-07,-2.4188e-07
0,50,5,42,3.1602e-07,-1.1705e-07
0,50,5,50,3.722e-07,-5.6937e-09
0,50,7,10,1.1282e-07,1.7078e-07
0,50,7,18,1.9583e-07,-7.0223e-08
0,50,7,26,2.1585e-07,-2.5803e-07
0,50,7,34,1.8818e-07,-2.4188e-07
0,50,7,42,3.1602e-07,-1.1705e-07
0,50,7,50,3.722e-07,-5.6937e-09
0,50,9,10,1.1282e-07,1.7078e-07
0,50,9,18,1.9583e-07,-7.0223e-08
0,50,9,26,2.1585e-07,-2.5803e-07
0,50,9,34,1.8818e-07,-2.4188e-07
0,50,9,42,3.1602e-07,-1.1705e-07
0,50,9,50,3.722e-07,-5.6937e-09
0,50,11,10,1.1282e-07,1.7078e-07
0,50,11,18,1.9583e-07,-7.0223e-08
0,50,11,26,2.1585e-07,-2.5803e-07
0,50,11,34,1.8818e-07,-2.4188e-07
0,50,11,42,3.1602e-07,-1.1705e-07
0,50,11,50,3.722e-07,-5.6937e-09
0,70,1,10,1.4585e-07,1.1539e-07
0,70,1,18,1.5835e-07,-8.9968e-08
0,70,1,26,2.456e-07,-3.0271e-07
0,70,1,34,2.3638e-07,-2.5857e-07
0,70,1,42,3.5501e-07,-1.2759e-07
0,70,1,50,4.2671e-07,-3.4718e-09
0,70,3,10,1.4585e-07,1.1539e-07
0,70,3,18,1.5835e-07,-8.9968e-08
0,70,3,26,2.456e-07,-3.0271e-07
0,70,3,34,2.3638e-07,-2.5857e-07
0,70,3,42,3.5501e-07,-1.2759e-07
0,70,3,50,4.2671e-07,-3.4718e-09
0,70,5,10,1.4585e-07,1.1539e-07
0,70,5,18,1.5835e-07,-8.9968e-08
0,70,5,26,2.456e-07,-3.0271e-07
0,70,5,34,2.3638e-07,-2.5857e-07
0,70,5,42,3.5501e-07,-1.2759e-07
0,70,5,50,4.2671e-07,-3.4718e-09
0,70,7,10,1.4585e-07,1.1539e-07
0,70,7,18,1.5835e-07,-8.9968e-08
0,70,7,26,2.456e-07,-3.0271e-07
0,70,7,34,2.3638e-07,-2.5857e-07
0,70,7,42,3.5501e-07,-1.2759e-07
0,70,7,50,4.2671e-07,-3.4718e-09
0,70,9,10,1.4585e-07,1.1539e-07
0,70,9,18,1.5835e-07,-8.9968e-08
0,70,9,26,2.456e-07,-3.0271e-07
0,70,9,34,2.3638e-07,-2.5857e-07
0,70,9,42,3.5501e-07,-1.2759e-07
0,70,9,50,4.2671e-07,-3.4718e-09
0,70,11,10,1.4585e-07,1.1539e-07
0,70,11,18,1.5835e-07,-8.9968e-08
0,70,11,26,2.456e-07,-3.0271e-07
0,70,11,34,2.3638e-07,-2.5857e-07
0,70,11,42,3.5501e-07,-1.2759e-07
0,70,11,50,4.2671e-07,-3.4718e-09
0,90,1,10,1.0908e-07,1.3614e-07
0,90,1,18,1.9691e-07,-1.0929e-07
0,90,1,26,1.8837e-07,-2.704e-07
0,90,1,34,1.6936e-07,-2.5355e-07
0,90,1,42,3.1287e-07,-1.2297e-07
0,90,1,50,3.6906e-07,-8.014e-09
0,90,3,10,1.0908e-07,1.3614e-07
0,90,3,18,1.9691e-07,-1.0929e-07
0,90,3,26,1.8837e-07,-2.704e-07
0,90,3,34,1.6936e-07,-2.5355e-07
0,90,3,42,3.1287e-07,-1.2297e-07
0,90,3,50,3.6906e-07,-8.014e-09
0,90,5,10,1.0908e-07,1.3614e-07
0,90,5,18,1.9691e-07,-1.0929e-07
0,90,5,26,1.8837e-07,-2.704e-07
0,90,5,34,1.6936e-07,-2.5355e-07
0,90,5,42,3.1287e-07,-1.2297e-07
0,90,5,50,3.6906e-07,-8.014e-09
0,90,7,10,1.0908e-07,1.3614e-07
0,90,7,18,1.9691e-07,-1.0929e-07
0,90,7,26,1.8837e-07,-2.704e-07
0,90,7,34,1.6936e-07,-2.5355e-07
0,90,7,42,3.1287e-07,-1.2297e-07
0,90,7,50,3.6906e-07,-8.014e-09
0,90,9,10,1.0908e-07,1.3614e-07
0,90,9,18,1.9691e-07,-1.0929e-07
0,90,9,26,1.8837e-07,-2.704e-07
0,90,9,34,1.6936e-07,-2.5355e-07
0,90,9,42,3.1287e-07,-1.2297e-07
0,90,9,50,3.6906e-07,-8.014e-09
0,90,11,10,1.0908e-07,1.3614e-07
0,90,11,18,1.9691e-07,-1.0929e-07
0,90,11,26,1.8837e-07,-2.704e-07
0,90,11,34,1.6936e-07,-2.5355e-07
0,90,11,42,3.1287e-07,-1.2297e-07
0,90,11,50,3.6906e-07,-8.014e-09
0,110,1,10,8.5722e-08,1.5489e-07
0,110,1,18,2.284e-07,-1.1231e-07
0,110,1,26,1.4654e-07,-1.9133e-07
0,110,1,34,1.1857e-07,-2.0587e-07
0,110,1,42,2.4558e-07,-9.8337e-08
0,110,1,50,2.7927e-07,-1.2036e-08
0,110,3,10,8.5722e-08,1.5489e-07
0,110,3,18,2.284e-07,-1.1231e-07
0,110,3,26,1.4654e-07,-1.9133e-07
0,110,3,34,1.1857e-07,-2.0587e-07
0,110,3,42,2.4558e-07,-9.8337e-08
0,110,3,50,2.7927e-07,-1.2036e-08
0,110,5,10,8.5722e-08,1.5489e-07
0,110,5,18,2.284e-07,-1.1231e-07
0,110,5,26,1.4654e-07,-1.9133e-07
0,110,5,34,1.1857e-07,-2.0587e-07
0,110,5,42,2.4558e-07,-9.8337e-08
0,110,5,50,2.7927e-07,-1.2036e-08
0,110,7,10,8.5722e-08,1.5489e-07
0,110,7,18,2.284e-07,-1.1231e-07
0,110,7,26,1.4654e-07,-1.9133e-07
0,110,7,34,1.1857e-07,-2.0587e-07
0,110,7,42,2.4558e-07,-9.8337e-08
0,110,7,50,2.7927e-07,-1.2036e-08
0,110,9,10,8.5722e-08,1.5489e-07
0,110,9,18,2.284e-07,-1.1231e-07
0,110,9,26,1.4654e-07,-1.9133e-07
0,110,9,34,1.1857e-07,-2.0587e-07
0,110,9,42,2.4558e-07,-9.8337e-08
0,110,9,50,2.7927e-07,-1.2036e-08
0,110,11,10,8.5722e-08,1.5489e-07
0,110,11,18,2.284e-07,-1.1231e-07
0,110,11,26,1.4654e-07,-1.9133e-07
0,110,11,34,1.1857e-07,-2.0587e-07
0,110,11,42,2.4558e-07,-9.8337e-08
0,110,11,50,2.7927e-07,-1.2036e-08
4,10,1,10,2.5002e-08,1.0815e-07
4,10,1,18,1.2288e-07,-6.2866e-09
4,10,1,26,9.0577e-08,-4.189e-08
4,10,1,34,6.1303e-08,-7.9512e-08
4,10,1,42,1.0523e-07,-4.0234e-08
4,10,1,50,1.0589e-07,-2.0416e-08
4,10,3,10,2.5002e-08,1.0815e-07
4,10,3,18,1.2288e-07,-6.2866e-09
4,10,3,26,9.0577e-08,-4.189e-08
4,10,3,34,6.1303e-08,-7.9512e-08
4,10,3,42,1.0523e-07,-4.0234e-08
4,10,3,50,1.0589e-07,-2.0416e-08
4,10,5,10,2.5002e-08,1.0815e-07
4,10,5,18,1.2288e-07,-6.2866e-09
4,10,5,26,9.0577e-08,-4.189e-08
4,10,5,34,6.1303e-08,-7.9512e-08
4,10,5,42,1.0523e-07,-4.0234e-08
4,10,5,50,1.0589e-07,-2.0416e-08
4,10,7,10,2.5002e-08,1.0815e-07
4,10,7,18,1.2288e-07,-6.2866e-09
4,10,7,26,9.0577e-08,-4.189e-08
4,10,7,34,6.1303e-08,-7.9512e-08
4,10,7,42,1.0523e-07,-4.0234e-08
4,10,7,50,1.0589e-07,-2.0416e-08
4,10,9,10,2.5002e-08,1.0815e-07
4,10,9,18,1.2288e-07,-6.2866e-09
4,10,9,26,9.0577e-08,-4.189e-08
4,10,9,34,6.1303e-08,-7.9512e-08
4,10,9,42,1.0523e-07,-4.0234e-08
4,10,9,50,1.0589e-07,-2.0416e-08
4,10,11,10,2.5002e-08,1.0815e-07
4,10,11,18,1.2288e-07,-6.2866e-09
4,10,11,26,9.0577e-08,-4.189e-08
4,10,11,34,6.1303e-08,-7.9512e-08
4,10,11,42,1.0523e-07,-4.0234e-08
4,10,11,50,1.0589e-07,-2.0416e-08
4,30,1,10,4.8608e-08,2.3653e-07
4,30,1,18,2.5806e-07,-1.9368e-08
4,30,1,26,1.9626e-07,-1.381e-07
4,30,1,34,1.2115e-07,-2.0604e-07
4,30,1,42,2.3663e-07,-1.1256e-07
4,30,1,50,2.635e-07,-4.3893e-08
4,30,3,10,4.8608e-08,2.3653e-07
4,30,3,18,2.5806e-07,-1.9368e-08
4,30,3,26,1.9626e-07,-1.381e-07
4,30,3,34,1.2115e-07,-2.0604e-07
4,30,3,42,2.3663e-07,-1.1256e-07
4,30,3,50,2.635e-07,-4.3893e-08
4,30,5,10,4.8608e-08,2.3653e-07
4,30,5,18,2.5806e-07,-1.9368e-08
4,30,5,26,1.9626e-07,-1.381e-07
4,30,5,34,1.2115e-07,-2.0604e-07
4,30,5,42,2.3663e-07,-1.1256e-07
4,30,5,50,2.635e-07,-4.3893e-08
4,30,7,10,4.8608e-08,2.3653e-07
4,30,7,18,2.5806e-07,-1.9368e-08
4,30,7,26,1.9626e-07,-1.381e-07
4,30,7,34,1.2115e-07,-2.0604e-07
4,30,7,42,2.3663e-07,-1.1256e-07
4,30,7,50,2.635e-07,-4.3893e-08
4,30,9,10,4.8608e-08,2.3653e-07
4,30,9,18,2.5806e-07,-1.9368e-08
4,30,9,26,1.9626e-07,-1.381e-07
4,30,9,34,1.2115e-07,-2.0604e-07
4,30,9,42,2.3663e-07,-1.1256e-07
4,30,9,50,2.635e-07,-4.3893e-08
4,30,11,10,4.8608e-08,2.3653e-07
4,30,11,18,2.5806e-07,-1.9368e-08
4,30,11,26,1.9626e-07,-1.381e-07
4,30,11,34,1.2115e-07,-2.0604e-07
4,30,11,42,2.3663e-07,-1.1256e-07
4,30,11,50,2.635e-07,-4.3893e-08
4,50,1,10,1.0286e-07,2.1706e-07
4,50,1,18,2.0931e-07,-3.4046e-08
4,50,1,26,2.373e-07,-2.4034e-07
4,50,1,34,1.7843e-07,-2.6889e-07
4,50,1,42,2.8094e-07,-1.6608e-07
4,50,1,50,3.8336e-07,-3.5046e-08
4,50,3,10,1.0286e-07,2.1706e-07
4,50,3,18,2.0931e-07,-3.4046e-08
4,50,3,26,2.373e-07,-2.4034e-07
4,50,3,34,1.7843e-07,-2.6889e-07
4,50,3,42,2.8094e-07,-1.6608e-07
4,50,3,50,3.8336e-07,-3.5046e-08
4,50,5,10,1.0286e-07,2.1706e-07
4,50,5,18,2.0931e-07,-3.4046e-08
4,50,5,26,2.373e-07,-2.4034e-07
4,50,5,34,1.7843e-07,-2.6889e-07
4,50,5,42,2.8094e-07,-1.6608e-07
4,50,5,50,3.8336e-07,-3.5046e-08
4,50,7,10,1.0286e-07,2.1706e-07
4,50,7,18,2.0931e-07,-3.4046e-08
4,50,7,26,2.373e-07,-2.4034e-07
4,50,7,34,1.7843e-07,-2.6889e-07
4,50,7,42,2.8094e-07,-1.6608e-07
4,50,7,50,3.8336e-07,-3.5046e-08
4,50,9,10,1.0286e-07,2.1706e-07
4,50,9,18,2.0931e-07,-3.4046e-08
4,50,9,26,2.373e-07,-2.4034e-07
4,50,9,34,1.7843e-07,-2.6889e-07
4,50,9,42,2.8094e-07,-1.6608e-07
4,50,9,50,3.8336e-07,-3.5046e-08
4,50,11,10,1.0286e-07,2.1706e-07
4,50,11,18,2.0931e-07,-3.4046e-08
4,50,11,26,2.373e-07,-2.4034e-07
4,50,11,34,1.7843e-07,-2.6889e-07
4,50,11,42,2.8094e-07,-1.6608e-07
4,50,11,50,3.8336e-07,-3.5046e-08
4,70,1,10,1.5877e-07,1.5604e-07
4,70,1,18,1.4902e-07,-5.1515e-08
4,70,1,26,2.7934e-07,-2.9978e-07
4,70,1,34,2.4958e-07,-2.8886e-07
4,70,1,42,3.1581e-07,-1.8964e-07
4,70,1,50,4.5801e-07,-2.5121e-08
4,70,3,10,1.5877e-07,1.5604e-07
4,70,3,18,1.4902e-07,-5.1515e-08
4,70,3,26,2.7934e-07,-2.9978e-07
4,70,3,34,2.4958e-07,-2.8886e-07
4,70,3,42,3.1581e-07,-1.8964e-07
4,70,3,50,4.5801e-07,-2.5121e-08
4,70,5,10,1.5877e-07,1.5604e-07
4,70,5,18,1.4902e-07,-5.1515e-08
4,70,5,26,2.7934e-07,-2.9978e-07
4,70,5,34,2.4958e-07,-2.8886e-07
4,70,5,42,3.1581e-07,-1.8964e-07
4,70,5,50,4.5801e-07,-2.5121e-08
4,70,7,10,1.5877e-07,1.5604e-07
4,70,7,18,1.4902e-07,-5.1515e-08
4,70,7,26,2.7934e-07,-2.9978e-07
4,70,7,34,2.4958e-07,-2.8886e-07
4,70,7,42,3.1581e-07,-1.8964e-07
4,70,7,50,4.5801e-07,-2.5121e-08
4,70,9,10,1.5877e-07,1.5604e-07
4,70,9,18,1.4902e-07,-5.1515e-08
4,70,9,26,2.7934e-07,-2.9978e-07
4,70,9,34,2.4958e-07,-2.8886e-07
4,70,9,42,3.1581e-07,-1.8964e-07
4,70,9,50,4.5801e-07,-2.5121e-08
4,70,11,10,1.5877e-07,1.5604e-07
4,70,11,18,1.4902e-07,-5.1515e-08
4,70,11,26,2.7934e-07,-2.9978e-07
4,70,11,34,2.4958e-07,-2.8886e-07
4,70,11,42,3.1581e-07,-1.8964e-07
4,70,11,50,4.5801e-07,-2.5121e-08
4,90,1,10,1.2065e-07,1.5817e-07
4,90,1,18,1.796e-07,-7.2206e-08
4,90,1,26,2.3541e-07,-2.81e-07
4,90,1,34,1.9295e-07,-2.9036e-07
4,90,1,42,2.9494e-07,-1.822e-07
4,90,1,50,4.1564e-07,-3.4991e-08
4,90,3,10,1.2065e-07,1.5817e-07
4,90,3,18,1.796e-07,-7.2206e-08
4,90,3,26,2.3541e-07,-2.81e-07
4,90,3,34,1.9295e-07,-2.9036e-07
4,90,3,42,2.9494e-07,-1.822e-07
4,90,3,50,4.1564e-07,-3.4991e-08
4,90,5,10,1.2065e-07,1.5817e-07
4,90,5,18,1.796e-07,-7.2206e-08
4,90,5,26,2.3541e-07,-2.81e-07
4,90,5,34,1.9295e-07,-2.9036e-07
4,90,5,42,2.9494e-07,-1.822e-07
4,90,5,50,4.1564e-07,-3.4991e-08
4,90,7,10,1.2065e-07,1.5817e-07
4,90,7,18,1.796e-07,-7.2206e-08
4,90,7,26,2.3541e-07,-2.81e-07
4,90,7,34,1.9295e-07,-2.9036e-07
4,90,7,42,2.9494e-07,-1.822e-07
4,90,7,50,4.1564e-07,-3.4991e-08
4,90,9,10,1.2065e-07,1.5817e-07
4,90,9,18,1.796e-07,-7.2206e-08
4,90,9,26,2.3541e-07,-2.81e-07
4,90,9,34,1.9295e-07,-2.9036e-07
4,90,9,42,2.9494e-07,-1.822e-07
4,90,9,50,4.1564e-07,-3.4991e-08
4,90,11,10,1.2065e-07,1.5817e-07
4,90,11,18,1.796e-07,-7.2206e-08
4,90,11,26,2.3541e-07,-2.81e-07
4,90,11,34,1.9295e-07,-2.9036e-07
4,90,11,42,2.9494e-07,-1.822e-07
4,90,11,50,4.1564e-07,-3.4991e-08
4,110,1,10,6.7035e-08,1.797e-07
4,110,1,18,2.451e-07,-9.0394e-08
4,110,1,26,1.829e-07,-2.0938e-07
4,110,1,34,1.134e-07,-2.568e-07
4,110,1,42,2.6567e-07,-1.4446e-07
4,110,1,50,3.1092e-07,-5.0946e-08
4,110,3,10,6.7035e-08,1.797e-07
4,110,3,18,2.451e-07,-9.0394e-08
4,110,3,26,1.829e-07,-2.0938e-07
4,110,3,34,1.134e-07,-2.568e-07
4,110,3,42,2.6567e-07,-1.4446e-07
4,110,3,50,3.1092e-07,-5.0946e-08
4,110,5,10,6.7035e-08,1.797e-07
4,110,5,18,2.451e-07,-9.0394e-08
4,110,5,26,1.829e-07,-2.0938e-07
4,110,5,34,1.134e-07,-2.568e-07
4,110,5,42,2.6567e-07,-1.4446e-07
4,110,5,50,3.1092e-07,-5.0946e-08
4,110,7,10,6.7035e-08,1.797e-07
4,110,7,18,2.451e-07,-9.0394e-08
4,110,7,26,1.829e-07,-2.0938e-07
4,110,7,34,1.134e-07,-2.568e-07
4,110,7,42,2.6567e-07,-1.4446e-07
4,110,7,50,3.1092e-07,-5.0946e-08
4,110,9,10,6.7035e-08,1.797e-07
4,110,9,18,2.451e-07,-9.0394e-08
4,110,9,26,1.829e-07,-2.0938e-07
4,110,9,34,1.134e-07,-2.568e-07
4,110,9,42,2.6567e-07,-1.4446e-07
4,110,9,50,3.1092e-07,-5.0946e-08
4,110,11,10,6.7035e-08,1.797e-07
4,110,11,18,2.451e-07,-9.0394e-08
4,110,11,26,1.829e-07,-2.0938e-07
4,110,11,34,1.134e-07,-2.568e-07
4,110,11,42,2.6567e-07,-1.4446e-07
4,110,11,50,3.1092e-07,-5.0946e-08
8,10,1,10,2.4886e-08,1.1054e-07
8,10,1,18,1.1978e-07,6.6506e-09
8,10,1,26,9.5911e-08,-3.6027e-08
8,10,1,34,7.0363e-08,-7.6618e-08
8,10,1,42,9.3996e-08,-5.0532e-08
8,10,1,50,1.0259e-07,-2.9576e-08
8,10,3,10,2.4886e-08,1.1054e-07
8,10,3,18,1.1978e-07,6.6506e-09
8,10,3,26,9.5911e-08,-3.6027e-08
8,10,3,34,7.0363e-08,-7.6618e-08
8,10,3,42,9.3996e-08,-5.0532e-08
8,10,3,50,1.0259e-07,-2.9576e-08
8,10,5,10,2.4886e-08,1.1054e-07
8,10,5,18,1.1978e-07,6.6506e-09
8,10,5,26,9.5911e-08,-3.6027e-08
8,10,5,34,7.0363e-08,-7.6618e-08
8,10,5,42,9.3996e-08,-5.0532e-08
8,10,5,50,1.0259e-07,-2.9576e-08
8,10,7,10,2.4886e-08,1.1054e-07
8,10,7,18,1.1978e-07,6.6506e-09
8,10,7,26,9.5911e-08,-3.6027e-08
8,10,7,34,7.0363e-08,-7.6618e-08
8,10,7,42,9.3996e-08,-5.0532e-08
8,10,7,50,1.0259e-07,-2.9576e-08
8,10,9,10,2.4886e-08,1.1054e-07
8,10,9,18,1.1978e-07,6.6506e-09
8,10,9,26,9.5911e-08,-3.6027e-08
8,10,9,34,7.0363e-08,-7.6618e-08
8,10,9,42,9.3996e-08,-5.0532e-08
8,10,9,50,1.0259e-07,-2.9576e-08
8,10,11,10,2.4886e-08,1.1054e-07
8,10,11,18,1.1978e-07,6.6506e-09
8,10,11,26,9.5911e-08,-3.6027e-08
8,10,11,34,7.0363e-08,-7.6618e-08
8,10,11,42,9.3996e-08,-5.0532e-08
8,10,11,50,1.0259e-07,-2.9576e-08
8,30,1,10,4.1097e-08,2.5339e-07
8,30,1,18,2.6113e-07,1.1644e-08
8,30,1,26,2.1602e-07,-1.1983e-07
8,30,1,34,1.4394e-07,-2.0638e-07
8,30,1,42,2.1455e-07,-1.4046e-07
8,30,1,50,2.5877e-07,-6.9202e-08
8,30,3,10,4.1097e-08,2.5339e-07
8,30,3,18,2.6113e-07,1.1644e-08
8,30,3,26,2.1602e-07,-1.1983e-07
8,30,3,34,1.4394e-07,-2.0638e-07
8,30,3,42,2.1455e-07,-1.4046e-07
8,30,3,50,2.5877e-07,-6.9202e-08
8,30,5,10,4.1097e-08,2.5339e-07
8,30,5,18,2.6113e-07,1.1644e-08
8,30,5,26,2.1602e-07,-1.1983e-07
8,30,5,34,1.4394e-07,-2.0638e-07
8,30,5,42,2.1455e-07,-1.4046e-07
8,30,5,50,2.5877e-07,-6.9202e-08
8,30,7,10,4.1097e-08,2.5339e-07
8,30,7,18,2.6113e-07,1.1644e-08
8,30,7,26,2.1602e-07,-1.1983e-07
8,30,7,34,1.4394e-07,-2.0638e-07
8,30,7,42,2.1455e-07,-1.4046e-07
8,30,7,50,2.5877e-07,-6.9202e-08
8,30,9,10,4.1097e-08,2.5339e-07
8,30,9,18,2.6113e-07,1.1644e-08
8,30,9,26,2.1602e-07,-1.1983e-07
8,30,9,34,1.4394e-07,-2.0638e-07
8,30,9,42,2.1455e-07,-1.4046e-07
8,30,9,50,2.5877e-07,-6.9202e-08
8,30,11,10,4.1097e-08,2.5339e-07
8,30,11,18,2.6113e-07,1.1644e-08
8,30,11,26,2.1602e-07,-1.1983e-07
8,30,11,34,1.4394e-07,-2.0638e-07
8,30,11,42,2.1455e-07,-1.4046e-07
8,30,11,50,2.5877e-07,-6.9202e-08
8,50,1,10,8.5284e-08,2.5599e-07
8,50,1,18,2.2271e-07,1.7844e-09
8,50,1,26,2.5312e-07,-2.1251e-07
8,50,1,34,1.8218e-07,-2.8263e-07
8,50,1,42,2.4695e-07,-2.0568e-07
8,50,1,50,3.6718e-07,-7.6516e-08
8,50,3,10,8.5284e-08,2.5599e-07
8,50,3,18,2.2271e-07,1.7844e-09
8,50,3,26,2.5312e-07,-2.1251e-07
8,50,3,34,1.8218e-07,-2.8263e-07
8,50,3,42,2.4695e-07,-2.0568e-07
8,50,3,50,3.6718e-07,-7.6516e-08
8,50,5,10,8.5284e-08,2.5599e-07
8,50,5,18,2.2271e-07,1.7844e-09
8,50,5,26,2.5312e-07,-2.1251e-07
8,50,5,34,1.8218e-07,-2.8263e-07
8,50,5,42,2.4695e-07,-2.0568e-07
8,50,5,50,3.6718e-07,-7.6516e-08
8,50,7,10,8.5284e-08,2.5599e-07
8,50,7,18,2.2271e-07,1.7844e-09
8,50,7,26,2.5312e-07,-2.1251e-07
8,50,7,34,1.8218e-07,-2.8263e-07
8,50,7,42,2.4695e-07,-2.0568e-07
8,50,7,50,3.6718e-07,-7.6516e-08
8,50,9,10,8.5284e-08,2.5599e-07
8,50,9,18,2.2271e-07,1.7844e-09
8,50,9,26,2.5312e-07,-2.1251e-07
8,50,9,34,1.8218e-07,-2.8263e-07
8,50,9,42,2.4695e-07,-2.0568e-07
8,50,9,50,3.6718e-07,-7.6516e-08
8,50,11,10,8.5284e-08,2.5599e-07
8,50,11,18,2.2271e-07,1.7844e-09
8,50,11,26,2.5312e-07,-2.1251e-07
8,50,11,34,1.8218e-07,-2.8263e-07
8,50,11,42,2.4695e-07,-2.0568e-07
8,50,11,50,3.6718e-07,-7.6516e-08
8,70,1,10,1.638e-07,2.0086e-07
8,70,1,18,1.4916e-07,-1.5465e-08
8,70,1,26,2.9427e-07,-2.7633e-07
8,70,1,34,2.5377e-07,-3.1476e-07
8,70,1,42,2.8714e-07,-2.3694e-07
8,70,1,50,4.5527e-07,-6.9936e-08
8,70,3,10,1.638e-07,2.0086e-07
8,70,3,18,1.4916e-07,-1.5465e-08
8,70,3,26,2.9427e-07,-2.7633e-07
8,70,3,34,2.5377e-07,-3.1476e-07
8,70,3,42,2.8714e-07,-2.3694e-07
8,70,3,50,4.5527e-07,-6.9936e-08
8,70,5,10,1.638e-07,2.0086e-07
8,70,5,18,1.4916e-07,-1.5465e-08
8,70,5,26,2.9427e-07,-2.7633e-07
8,70,5,34,2.5377e-07,-3.1476e-07
8,70,5,42,2.8714e-07,-2.3694e-07
8,70,5,50,4.5527e-07,-6.9936e-08
8,70,7,10,1.638e-07,2.0086e-07
8,70,7,18,1.4916e-07,-1.5465e-08
8,70,7,26,2.9427e-07,-2.7633e-07
8,70,7,34,2.5377e-07,-3.1476e-07
8,70,7,42,2.8714e-07,-2.3694e-07
8,70,7,50,4.5527e-07,-6.9936e-08
8,70,9,10,1.638e-07,2.0086e-07
8,70,9,18,1.4916e-07,-1.5465e-08
8,70,9,26,2.9427e-07,-2.7633e-07
8,70,9,34,2.5377e-07,-3.1476e-07
8,70,9,42,2.8714e-07,-2.3694e-07
8,70,9,50,4.5527e-07,-6.9936e-08
8,70,11,10,1.638e-07,2.0086e-07
8,70,11,18,1.4916e-07,-1.5465e-08
8,70,11,26,2.9427e-07,-2.7633e-07
8,70,11,34,2.5377e-07,-3.1476e-07
8,70,11,42,2.8714e-07,-2.3694e-07
8,70,11,50,4.5527e-07,-6.9936e-08
8,90,1,10,1.3841e-07,1.8526e-07
8,90,1,18,1.6077e-07,-3.4614e-08
8,90,1,26,2.7086e-07,-2.7496e-07
8,90,1,34,2.2503e-07,-3.1767e-07
8,90,1,42,2.749e-07,-2.3558e-07
8,90,1,50,4.3457e-07,-7.5923e-08
8,90,3,10,1.3841e-07,1.8526e-07
8,90,3,18,1.6077e-07,-3.4614e-08
8,90,3,26,2.7086e-07,-2.7496e-07
8,90,3,34,2.2503e-07,-3.1767e-07
8,90,3,42,2.749e-07,-2.3558e-07
8,90,3,50,4.3457e-07,-7.5923e-08
8,90,5,10,1.3841e-07,1.8526e-07
8,90,5,18,1.6077e-07,-3.4614e-08
8,90,5,26,2.7086e-07,-2.7496e-07
8,90,5,34,2.2503e-07,-3.1767e-07
8,90,5,42,2.749e-07,-2.3558e-07
8,90,5,50,4.3457e-07,-7.5923e-08
8,90,7,10,1.3841e-07,1.8526e-07
8,90,7,18,1.6077e-07,-3.4614e-08
8,90,7,26,2.7086e-07,-2.7496e-07
8,90,7,34,2.2503e-07,-3.1767e-07
8,90,7,42,2.749e-07,-2.3558e-07
8,90,7,50,4.3457e-07,-7.5923e-08
8,90,9,10,1.3841e-07,1.8526e-07
8,90,9,18,1.6077e-07,-3.4614e-08
8,90,9,26,2.7086e-07,-2.7496e-07
8,90,9,34,2.2503e-07,-3.1767e-07
8,90,9,42,2.749e-07,-2.3558e-07
8,90,9,50,4.3457e-07,-7.5923e-08
8,90,11,10,1.3841e-07,1.8526e-07
8,90,11,18,1.6077e-07,-3.4614e-08
8,90,11,26,2.7086e-07,-2.7496e-07
8,90,11,34,2.2503e-07,-3.1767e-07
8,90,11,42,2.749e-07,-2.3558e-07
8,90,11,50,4.3457e-07,-7.5923e-08
8,110,1,10,5.815e-08,1.9807e-07
8,110,1,18,2.3619e-07,-5.505e-08
8,110,1,26,2.1788e-07,-2.2026e-07
8,110,1,34,1.4257e-07,-2.8796e-07
8,110,1,42,2.4515e-07,-2.0141e-07
8,110,1,50,3.4077e-07,-8.5111e-08
8,110,3,10,5.815e-08,1.9807e-07
8,110,3,18,2.3619e-07,-5.505e-08
8,110,3,26,2.1788e-07,-2.2026e-07
8,110,3,34,1.4257e-07,-2.8796e-07
8,110,3,42,2.4515e-07,-2.0141e-07
8,110,3,50,3.4077e-07,-8.5111e-08
8,110,5,10,5.815e-08,1.9807e-07
8,110,5,18,2.3619e-07,-5.505e-08
8,110,5,26,2.1788e-07,-2.2026e-07
8,110,5,34,1.4257e-07,-2.8796e-07
8,110,5,42,2.4515e-07,-2.0141e-07
8,110,5,50,3.4077e-07,-8.5111e-08
8,110,7,10,5.815e-08,1.9807e-07
8,110,7,18,2.3619e-07,-5.505e-08
8,110,7,26,2.1788e-07,-2.2026e-07
8,110,7,34,1.4257e-07,-2.8796e-07
8,110,7,42,2.4515e-07,-2.0141e-07
8,110,7,50,3.4077e-07,-8.5111e-08
8,110,9,10,5.815e-08,1.9807e-07
8,110,9,18,2.3619e-07,-5.505e-08
8,110,9,26,2.1788e-07,-2.2026e-07
8,110,9,34,1.4257e-07,-2.8796e-07
8,110,9,42,2.4515e-07,-2.0141e-07
8,110,9,50,3.4077e-07,-8.5111e-08
8,110,11,10,5.815e-08,1.9807e-07
8,110,11,18,2.3619e-07,-5.505e-08
8,110,11,26,2.1788e-07,-2.2026e-07
8,110,11,34,1.4257e-07,-2.8796e-07
8,110,11,42,2.4515e-07,-2.0141e-07
8,110,11,50,3.4077e-07,-8.5111e-08
12,10,1,10,2.509e-08,1.1023e-07
12,10,1,18,1.1031e-07,2.0256e-08
12,10,1,26,9.8414e-08,-3.2759e-08
12,10,1,34,7.4324e-08,-6.8916e-08
12,10,1,42,7.4631e-08,-6.173e-08
12,10,1,50,1.0227e-07,-3.1317e-08
12,10,3,10,2.509e-08,1.1023e-07
12,10,3,18,1.1031e-07,2.0256e-08
12,10,3,26,9.8414e-08,-3.2759e-08
12,10,3,34,7.4324e-08,-6.8916e-08
12,10,3,42,7.4631e-08,-6.173e-08
12,10,3,50,1.0227e-07,-3.1317e-08
12,10,5,10,2.509e-08,1.1023e-07
12,10,5,18,1.1031e-07,2.0256e-08
12,10,5,26,9.8414e-08,-3.2759e-08
12,10,5,34,7.4324e-08,-6.8916e-08
12,10,5,42,7.4631e-08,-6.173e-08
12,10,5,50,1.0227e-07,-3.1317e-08
12,10,7,10,2.509e-08,1.1023e-07
12,10,7,18,1.1031e-07,2.0256e-08
12,10,7,26,9.8414e-08,-3.2759e-08
12,10,7,34,7.4324e-08,-6.8916e-08
12,10,7,42,7.4631e-08,-6.173e-08
12,10,7,50,1.0227e-07,-3.1317e-08
12,10,9,10,2.509e-08,1.1023e-07
12,10,9,18,1.1031e-07,2.0256e-08
12,10,9,26,9.8414e-08,-3.2759e-08
12,10,9,34,7.4324e-08,-6.8916e-08
12,10,9,42,7.4631e-08,-6.173e-08
12,10,9,50,1.0227e-07,-3.1317e-08
12,10,11,10,2.509e-08,1.1023e-07
12,10,11,18,1.1031e-07,2.0256e-08
12,10,11,26,9.8414e-08,-3.2759e-08
12,10,11,34,7.4324e-08,-6.8916e-08
12,10,11,42,7.4631e-08,-6.173e-08
12,10,11,50,1.0227e-07,-3.1317e-08
12,30,1,10,3.9362e-08,2.6098e-07
12,30,1,18,2.5093e-07,4.366e-08
12,30,1,26,2.3038e-07,-1.0428e-07
12,30,1,34,1.6449e-07,-1.9212e-07
12,30,1,42,1.709e-07,-1.6858e-07
12,30,1,50,2.5309e-07,-8.5798e-08
12,30,3,10,3.9362e-08,2.6098e-07
12,30,3,18,2.5093e-07,4.366e-08
12,30,3,26,2.3038e-07,-1.0428e-07
12,30,3,34,1.6449e-07,-1.9212e-07
12,30,3,42,1.709e-07,-1.6858e-07
12,30,3,50,2.5309e-07,-8.5798e-08
12,30,5,10,3.9362e-08,2.6098e-07
12,30,5,18,2.5093e-07,4.366e-08
12,30,5,26,2.3038e-07,-1.0428e-07
12,30,5,34,1.6449e-07,-1.9212e-07
12,30,5,42,1.709e-07,-1.6858e-07
12,30,5,50,2.5309e-07,-8.5798e-08
12,30,7,10,3.9362e-08,2.6098e-07
12,30,7,18,2.5093e-07,4.366e-08
12,30,7,26,2.3038e-07,-1.0428e-07
12,30,7,34,1.6449e-07,-1.9212e-07
12,30,7,42,1.709e-07,-1.6858e-07
12,30,7,50,2.5309e-07,-8.5798e-08
12,30,9,10,3.9362e-08,2.6098e-07
12,30,9,18,2.5093e-07,4.366e-08
12,30,9,26,2.3038e-07,-1.0428e-07
12,30,9,34,1.6449e-07,-1.9212e-07
12,30,9,42,1.709e-07,-1.6858e-07
12,30,9,50,2.5309e-07,-8.5798e-08
12,30,11,10,3.9362e-08,2.6098e-07
12,30,11,18,2.5093e-07,4.366e-08
12,30,11,26,2.3038e-07,-1.0428e-07
12,30,11,34,1.6449e-07,-1.9212e-07
12,30,11,42,1.709e-07,-1.6858e-07
12,30,11,50,2.5309e-07,-8.5798e-08
12,50,1,10,6.3718e-08,2.8505e-07
12,50,1,18,2.3169e-07,3.6837e-08
12,50,1,26,2.6667e-07,-1.8104e-07
12,50,1,34,1.9906e-07,-2.8077e-07
12,50,1,42,2.1297e-07,-2.3715e-07
12,50,1,50,3.4019e-07,-1.1724e-07
12,50,3,10,6.3718e-08,2.8505e-07
12,50,3,18,2.3169e-07,3.6837e-08
12,50,3,26,2.6667e-07,-1.8104e-07
12,50,3,34,1.9906e-07,-2.8077e-07
12,50,3,42,2.1297e-07,-2.3715e-07
12,50,3,50,3.4019e-07,-1.1724e-07
12,50,5,10,6.3718e-08,2.8505e-07
12,50,5,18,2.3169e-07,3.6837e-08
12,50,5,26,2.6667e-07,-1.8104e-07
12,50,5,34,1.9906e-07,-2.8077e-07
12,50,5,42,2.1297e-07,-2.3715e-07
12,50,5,50,3.4019e-07,-1.1724e-07
12,50,7,10,6.3718e-08,2.8505e-07
12,50,7,18,2.3169e-07,3.6837e-08
12,50,7,26,2.6667e-07,-1.8104e-07
12,50,7,34,1.9906e-07,-2.8077e-07
12,50,7,42,2.1297e-07,-2.3715e-07
12,50,7,50,3.4019e-07,-1.1724e-07
12,50,9,10,6.3718e-08,2.8505e-07
12,50,9,18,2.3169e-07,3.6837e-08
12,50,9,26,2.6667e-07,-1.8104e-07
12,50,9,34,1.9906e-07,-2.8077e-07
12,50,9,42,2.1297e-07,-2.3715e-07
12,50,9,50,3.4019e-07,-1.1724e-07
12,50,11,10,6.3718e-08,2.8505e-07
12,50,11,18,2.3169e-07,3.6837e-08
12,50,11,26,2.6667e-07,-1.8104e-07
12,50,11,34,1.9906e-07,-2.8077e-07
12,50,11,42,2.1297e-07,-2.3715e-07
12,50,11,50,3.4019e-07,-1.1724e-07
12,70,1,10,1.5909e-07,2.456e-07
12,70,1,18,1.5758e-07,1.8399e-08
12,70,1,26,2.9262e-07,-2.3989e-07
12,70,1,34,2.5664e-07,-3.3189e-07
12,70,1,42,2.7064e-07,-2.695e-07
12,70,1,50,4.1213e-07,-1.2773e-07
12,70,3,10,1.5909e-07,2.456e-07
12,70,3,18,1.5758e-07,1.8399e-08
12,70,3,26,2.9262e-07,-2.3989e-07
12,70,3,34,2.5664e-07,-3.3189e-07
12,70,3,42,2.7064e-07,-2.695e-07
12,70,3,50,4.1213e-07,-1.2773e-07
12,70,5,10,1.5909e-07,2.456e-07
12,70,5,18,1.5758e-07,1.8399e-08
12,70,5,26,2.9262e-07,-2.3989e-07
12,70,5,34,2.5664e-07,-3.3189e-07
12,70,5,42,2.7064e-07,-2.695e-07
12,70,5,50,4.1213e-07,-1.2773e-07
12,70,7,10,1.5909e-07,2.456e-07
12,70,7,18,1.5758e-07,1.8399e-08
12,70,7,26,2.9262e-07,-2.3989e-07
12,70,7,34,2.5664e-07,-3.3189e-07
12,70,7,42,2.7064e-07,-2.695e-07
12,70,7,50,4.1213e-07,-1.2773e-07
12,70,9,10,1.5909e-07,2.456e-07
12,70,9,18,1.5758e-07,1.8399e-08
12,70,9,26,2.9262e-07,-2.3989e-07
12,70,9,34,2.5664e-07,-3.3189e-07
12,70,9,42,2.7064e-07,-2.695e-07
12,70,9,50,4.1213e-07,-1.2773e-07
12,70,11,10,1.5909e-07,2.456e-07
12,70,11,18,1.5758e-07,1.8399e-08
12,70,11,26,2.9262e-07,-2.3989e-07
12,70,11,34,2.5664e-07,-3.3189e-07
12,70,11,42,2.7064e-07,-2.695e-07
12,70,11,50,4.1213e-07,-1.2773e-07
12,90,1,10,1.5545e-07,2.1936e-07
12,90,1,18,1.511e-07,2.8167e-10
12,90,1,26,2.8668e-07,-2.5211e-07
12,90,1,34,2.5234e-07,-3.4012e-07
12,90,1,42,2.7082e-07,-2.7482e-07
12,90,1,50,4.1533e-07,-1.3066e-07
12,90,3,10,1.5545e-07,2.1936e-07
12,90,3,18,1.511e-07,2.8167e-10
12,90,3,26,2.8668e-07,-2.5211e-07
12,90,3,34,2.5234e-07,-3.4012e-07
12,90,3,42,2.7082e-07,-2.7482e-07
12,90,3,50,4.1533e-07,-1.3066e-07
12,90,5,10,1.5545e-07,2.1936e-07
12,90,5,18,1.511e-07,2.8167e-10
12,90,5,26,2.8668e-07,-2.5211e-07
12,90,5,34,2.5234e-07,-3.4012e-07
12,90,5,42,2.7082e-07,-2.7482e-07
12,90,5,50,4.1533e-07,-1.3066e-07
12,90,7,10,1.5545e-07,2.1936e-07
12,90,7,18,1.511e-07,2.8167e-10
12,90,7,26,2.8668e-07,-2.5211e-07
12,90,7,34,2.5234e-07,-3.4012e-07
12,90,7,42,2.7082e-07,-2.7482e-07
12,90,7,50,4.1533e-07,-1.3066e-07
12,90,9,10,1.5545e-07,2.1936e-07
12,90,9,18,1.511e-07,2.8167e-10
12,90,9,26,2.8668e-07,-2.5211e-07
12,90,9,34,2.5234e-07,-3.4012e-07
12,90,9,42,2.7082e-07,-2.7482e-07
12,90,9,50,4.1533e-07,-1.3066e-07
12,90,11,10,1.5545e-07,2.1936e-07
12,90,11,18,1.511e-07,2.8167e-10
12,90,11,26,2.8668e-07,-2.5211e-07
12,90,11,34,2.5234e-07,-3.4012e-07
12,90,11,42,2.7082e-07,-2.7482e-07
12,90,11,50,4.1533e-07,-1.3066e-07
12,110,1,10,6.3303e-08,2.1527e-07
12,110,1,18,2.1421e-07,-1.7373e-08
12,110,1,26,2.4726e-07,-2.1851e-07
12,110,1,34,1.8327e-07,-3.0611e-07
12,110,1,42,2.158e-07,-2.5353e-07
12,110,1,50,3.5177e-07,-1.2627e-07
12,110,3,10,6.3303e-08,2.1527e-07
12,110,3,18,2.1421e-07,-1.7373e-08
12,110,3,26,2.4726e-07,-2.1851e-07
12,110,3,34,1.8327e-07,-3.0611e-07
12,110,3,42,2.158e-07,-2.5353e-07
12,110,3,50,3.5177e-07,-1.2627e-07
12,110,5,10,6.3303e-08,2.1527e-07
12,110,5,18,2.1421e-07,-1.7373e-08
12,110,5,26,2.4726e-07,-2.1851e-07
12,110,5,34,1.8327e-07,-3.0611e-07
12,110,5,42,2.158e-07,-2.5353e-07
12,110,5,50,3.5177e-07,-1.2627e-07
12,110,7,10,6.3303e-08,2.1527e-07
12,110,7,18,2.1421e-07,-1.7373e-08
12,110,7,26,2.4726e-07,-2.1851e-07
12,110,7,34,1.8327e-07,-3.0611e-07
12,110,7,42,2.158e-07,-2.5353e-07
12,110,7,50,3.5177e-07,-1.2627e-07
12,110,9,10,6.3303e-08,2.1527e-07
12,110,9,18,2.1421e-07,-1.7373e-08
12,110,9,26,2.4726e-07,-2.1851e-07
12,110,9,34,1.8327e-07,-3.0611e-07
12,110,9,42,2.158e-07,-2.5353e-07
12,110,9,50,3.5177e-07,-1.2627e-07
12,110,11,10,6.3303e-08,2.1527e-07
12,110,11,18,2.1421e-07,-1.7373e-08
12,110,11,26,2.4726e-07,-2.1851e-07
12,110,11,34,1.8327e-07,-3.0611e-07
12,110,11,42,2.158e-07,-2.5353e-07
12,110,11,50,3.5177e-07,-1.2627e-07
16,10,1,10,2.5063e-08,1.0867e-07
16,10,1,18,9.6456e-08,3.3106e-08
16,10,1,26,9.8616e-08,-3.0868e-08
16,10,1,34,7.4354e-08,-5.9884e-08
16,10,1,42,5.9689e-08,-6.9281e-08
16,10,1,50,1.0043e-07,-3.3347e-08
16,10,3,10,2.5063e-08,1.0867e-07
16,10,3,18,9.6456e-08,3.3106e-08
16,10,3,26,9.8616e-08,-3.0868e-08
16,10,3,34,7.4354e-08,-5.9884e-08
16,10,3,42,5.9689e-08,-6.9281e-08
16,10,3,50,1.0043e-07,-3.3347e-08
16,10,5,10,2.5063e-08,1.0867e-07
16,10,5,18,9.6456e-08,3.3106e-08
16,10,5,26,9.8616e-08,-3.0868e-08
16,10,5,34,7.4354e-08,-5.9884e-08
16,10,5,42,5.9689e-08,-6.9281e-08
16,10,5,50,1.0043e-07,-3.3347e-08
16,10,7,10,2.5063e-08,1.0867e-07
16,10,7,18,9.6456e-08,3.3106e-08
16,10,7,26,9.8616e-08,-3.0868e-08
16,10,7,34,7.4354e-08,-5.9884e-08
16,10,7,42,5.9689e-08,-6.9281e-08
16,10,7,50,1.0043e-07,-3.3347e-08
16,10,9,10,2.5063e-08,1.0867e-07
16,10,9,18,9.6456e-08,3.3106e-08
16,10,9,26,9.8616e-08,-3.0868e-08
16,10,9,34,7.4354e-08,-5.9884e-08
16,10,9,42,5.9689e-08,-6.9281e-08
16,10,9,50,1.0043e-07,-3.3347e-08
16,10,11,10,2.5063e-08,1.0867e-07
16,10,11,18,9.6456e-08,3.3106e-08
16,10,11,26,9.8616e-08,-3.0868e-08
16,10,11,34,7.4354e-08,-5.9884e-08
16,10,11,42,5.9689e-08,-6.9281e-08
16,10,11,50,1.0043e-07,-3.3347e-08
16,30,1,10,3.9937e-08,2.6188e-07
16,30,1,18,2.3047e-07,7.4014e-08
16,30,1,26,2.3893e-07,-9.0615e-08
16,30,1,34,1.748e-07,-1.7132e-07
16,30,1,42,1.3255e-07,-1.8778e-07
16,30,1,50,2.447e-07,-9.9967e-08
16,30,3,10,3.9937e-08,2.6188e-07
16,30,3,18,2.3047e-07,7.4014e-08
16,30,3,26,2.3893e-07,-9.0615e-08
16,30,3,34,1.748e-07,-1.7132e-07
16,30,3,42,1.3255e-07,-1.8778e-07
16,30,3,50,2.447e-07,-9.9967e-08
16,30,5,10,3.9937e-08,2.6188e-07
16,30,5,18,2.3047e-07,7.4014e-08
16,30,5,26,2.3893e-07,-9.0615e-08
16,30,5,34,1.748e-07,-1.7132e-07
16,30,5,42,1.3255e-07,-1.8778e-07
16,30,5,50,2.447e-07,-9.9967e-08
16,30,7,10,3.9937e-08,2.6188e-07
16,30,7,18,2.3047e-07,7.4014e-08
16,30,7,26,2.3893e-07,-9.0615e-08
16,30,7,34,1.748e-07,-1.7132e-07
16,30,7,42,1.3255e-07,-1.8778e-07
16,30,7,50,2.447e-07,-9.9967e-08
16,30,9,10,3.9937e-08,2.6188e-07
16,30,9,18,2.3047e-07,7.4014e-08
16,30,9,26,2.3893e-07,-9.0615e-08
16,30,9,34,1.748e-07,-1.7132e-07
16,30,9,42,1.3255e-07,-1.8778e-07
16,30,9,50,2.447e-07,-9.9967e-08
16,30,11,10,3.9937e-08,2.6188e-07
16,30,11,18,2.3047e-07,7.4014e-08
16,30,11,26,2.3893e-07,-9.0615e-08
16,30,11,34,1.748e-07,-1.7132e-07
16,30,11,42,1.3255e-07,-1.8778e-07
16,30,11,50,2.447e-07,-9.9967e-08
16,50,1,10,4.248e-08,3.035e-07
16,50,1,18,2.3305e-07,7.075e-08
16,50,1,26,2.7766e-07,-1.4884e-07
16,50,1,34,2.19e-07,-2.655e-07
16,50,1,42,1.7874e-07,-2.619e-07
16,50,1,50,3.0729e-07,-1.5331e-07
16,50,3,10,4.248e-08,3.035e-07
16,50,3,18,2.3305e-07,7.075e-08
16,50,3,26,2.7766e-07,-1.4884e-07
16,50,3,34,2.19e-07,-2.655e-07
16,50,3,42,1.7874e-07,-2.619e-07
16,50,3,50,3.0729e-07,-1.5331e-07
16,50,5,10,4.248e-08,3.035e-07
16,50,5,18,2.3305e-07,7.075e-08
16,50,5,26,2.7766e-07,-1.4884e-07
16,50,5,34,2.19e-07,-2.655e-07
16,50,5,42,1.7874e-07,-2.619e-07
16,50,5,50,3.0729e-07,-1.5331e-07
16,50,7,10,4.248e-08,3.035e-07
16,50,7,18,2.3305e-07,7.075e-08
16,50,7,26,2.7766e-07,-1.4884e-07
16,50,7,34,2.19e-07,-2.655e-07
16,50,7,42,1.7874e-07,-2.619e-07
16,50,7,50,3.0729e-07,-1.5331e-07
16,50,9,10,4.248e-08,3.035e-07
16,50,9,18,2.3305e-07,7.075e-08
16,50,9,26,2.7766e-07,-1.4884e-07
16,50,9,34,2.19e-07,-2.655e-07
16,50,9,42,1.7874e-07,-2.619e-07
16,50,9,50,3.0729e-07,-1.5331e-07
16,50,11,10,4.248e-08,3.035e-07
16,50,11,18,2.3305e-07,7.075e-08
16,50,11,26,2.7766e-07,-1.4884e-07
16,50,11,34,2.19e-07,-2.655e-07
16,50,11,42,1.7874e-07,-2.619e-07
16,50,11,50,3.0729e-07,-1.5331e-07
16,70,1,10,1.4527e-07,2.8551e-07
16,70,1,18,1.6944e-07,5.0765e-08
16,70,1,26,2.8392e-07,-1.9851e-07
16,70,1,34,2.6574e-07,-3.347e-07
16,70,1,42,2.5662e-07,-2.9318e-07
16,70,1,50,3.5909e-07,-1.8105e-07
16,70,3,10,1.4527e-07,2.8551e-07
16,70,3,18,1.6944e-07,5.0765e-08
16,70,3,26,2.8392e-07,-1.9851e-07
16,70,3,34,2.6574e-07,-3.347e-07
16,70,3,42,2.5662e-07,-2.9318e-07
16,70,3,50,3.5909e-07,-1.8105e-07
16,70,5,10,1.4527e-07,2.8551e-07
16,70,5,18,1.6944e-07,5.0765e-08
16,70,5,26,2.8392e-07,-1.9851e-07
16,70,5,34,2.6574e-07,-3.347e-07
16,70,5,42,2.5662e-07,-2.9318e-07
16,70,5,50,3.5909e-07,-1.8105e-07
16,70,7,10,1.4527e-07,2.8551e-07
16,70,7,18,1.6944e-07,5.0765e-08
16,70,7,26,2.8392e-07,-1.9851e-07
16,70,7,34,2.6574e-07,-3.347e-07
16,70,7,42,2.5662e-07,-2.9318e-07
16,70,7,50,3.5909e-07,-1.8105e-07
16,70,9,10,1.4527e-07,2.8551e-07
16,70,9,18,1.6944e-07,5.0765e-08
16,70,9,26,2.8392e-07,-1.9851e-07
16,70,9,34,2.6574e-07,-3.347e-07
16,70,9,42,2.5662e-07,-2.9318e-07
16,70,9,50,3.5909e-07,-1.8105e-07
16,70,11,10,1.4527e-07,2.8551e-07
16,70,11,18,1.6944e-07,5.0765e-08
16,70,11,26,2.8392e-07,-1.9851e-07
16,70,11,34,2.6574e-07,-3.347e-07
16,70,11,42,2.5662e-07,-2.9318e-07
16,70,11,50,3.5909e-07,-1.8105e-07
16,90,1,10,1.6639e-07,2.5961e-07
16,90,1,18,1.5324e-07,3.2542e-08
16,90,1,26,2.85e-07,-2.1797e-07
16,90,1,34,2.7554e-07,-3.547e-07
16,90,1,42,2.7575e-07,-3.0145e-07
16,90,1,50,3.7389e-07,-1.8681e-07
16,90,3,10,1.6639e-07,2.5961e-07
16,90,3,18,1.5324e-07,3.2542e-08
16,90,3,26,2.85e-07,-2.1797e-07
16,90,3,34,2.7554e-07,-3.547e-07
16,90,3,42,2.7575e-07,-3.0145e-07
16,90,3,50,3.7389e-07,-1.8681e-07
16,90,5,10,1.6639e-07,2.5961e-07
16,90,5,18,1.5324e-07,3.2542e-08
16,90,5,26,2.85e-07,-2.1797e-07
16,90,5,34,2.7554e-07,-3.547e-07
16,90,5,42,2.7575e-07,-3.0145e-07
16,90,5,50,3.7389e-07,-1.8681e-07
16,90,7,10,1.6639e-07,2.5961e-07
16,90,7,18,1.5324e-07,3.2542e-08
16,90,7,26,2.85e-07,-2.1797e-07
16,90,7,34,2.7554e-07,-3.547e-07
16,90,7,42,2.7575e-07,-3.0145e-07
16,90,7,50,3.7389e-07,-1.8681e-07
16,90,9,10,1.6639e-07,2.5961e-07
16,90,9,18,1.5324e-07,3.2542e-08
16,90,9,26,2.85e-07,-2.1797e-07
16,90,9,34,2.7554e-07,-3.547e-07
16,90,9,42,2.7575e-07,-3.0145e-07
16,90,9,50,3.7389e-07,-1.8681e-07
16,90,11,10,1.6639e-07,2.5961e-07
16,90,11,18,1.5324e-07,3.2542e-08
16,90,11,26,2.85e-07,-2.1797e-07
16,90,11,34,2.7554e-07,-3.547e-07
16,90,11,42,2.7575e-07,-3.0145e-07
16,90,11,50,3.7389e-07,-1.8681e-07
16,110,1,10,7.9088e-08,2.3634e-07
16,110,1,18,1.9113e-07,1.7726e-08
16,110,1,26,2.6326e-07,-2.0211e-07
16,110,1,34,2.2375e-07,-3.1884e-07
16,110,1,42,2.0702e-07,-2.9259e-07
16,110,1,50,3.3536e-07,-1.7635e-07
16,110,3,10,7.9088e-08,2.3634e-07
16,110,3,18,1.9113e-07,1.7726e-08
16,110,3,26,2.6326e-07,-2.0211e-07
16,110,3,34,2.2375e-07,-3.1884e-07
16,110,3,42,2.0702e-07,-2.9259e-07
16,110,3,50,3.3536e-07,-1.7635e-07
16,110,5,10,7.9088e-08,2.3634e-07
16,110,5,18,1.9113e-07,1.7726e-08
16,110,5,26,2.6326e-07,-2.0211e-07
16,110,5,34,2.2375e-07,-3.1884e-07
16,110,5,42,2.0702e-07,-2.9259e-07
16,110,5,50,3.3536e-07,-1.7635e-07
16,110,7,10,7.9088e-08,2.3634e-07
16,110,7,18,1.9113e-07,1.7726e-08
16,110,7,26,2.6326e-07,-2.0211e-07
16,110,7,34,2.2375e-07,-3.1884e-07
16,110,7,42,2.0702e-07,-2.9259e-07
16,110,7,50,3.3536e-07,-1.7635e-07
16,110,9,10,7.9088e-08,2.3634e-07
16,110,9,18,1.9113e-07,1.7726e-08
16,110,9,26,2.6326e-07,-2.0211e-07
16,110,9,34,2.2375e-07,-3.1884e-07
16,110,9,42,2.0702e-07,-2.9259e-07
16,110,9,50,3.3536e-07,-1.7635e-07
16,110,11,10,7.9088e-08,2.3634e-07
16,110,11,18,1.9113e-07,1.7726e-08
16,110,11,26,2.6326e-07,-2.0211e-07
16,110,11,34,2.2375e-07,-3.1884e-07
16,110,11,42,2.0702e-07,-2.9259e-07
16,110,11,50,3.3536e-07,-1.7635e-07
20,10,1,10,2.4861e-08,1.067e-07
20,10,1,18,8.1231e-08,4.3788e-08
20,10,1,26,9.7687e-08,-2.8752e-08
20,10,1,34,7.1767e-08,-5.104e-08
20,10,1,42,5.4563e-08,-7.0082e-08
20,10,1,50,9.1355e-08,-3.9824e-08
20,10,3,10,2.4861e-08,1.067e-07
20,10,3,18,8.1231e-08,4.3788e-08
20,10,3,26,9.7687e-08,-2.8752e-08
20,10,3,34,7.1767e-08,-5.104e-08
20,10,3,42,5.4563e-08,-7.0082e-08
20,10,3,50,9.1355e-08,-3.9824e-08
20,10,5,10,2.4861e-08,1.067e-07
20,10,5,18,8.1231e-08,4.3788e-08
20,10,5,26,9.7687e-08,-2.8752e-08
20,10,5,34,7.1767e-08,-5.104e-08
20,10,5,42,5.4563e-08,-7.0082e-08
20,10,5,50,9.1355e-08,-3.9824e-08
20,10,7,10,2.4861e-08,1.067e-07
20,10,7,18,8.1231e-08,4.3788e-08
20,10,7,26,9.7687e-08,-2.8752e-08
20,10,7,34,7.1767e-08,-5.104e-08
20,10,7,42,5.4563e-08,-7.0082e-08
20,10,7,50,9.1355e-08,-3.9824e-08
20,10,9,10,2.4861e-08,1.067e-07
20,10,9,18,8.1231e-08,4.3788e-08
20,10,9,26,9.7687e-08,-2.8752e-08
20,10,9,34,7.1767e-08,-5.104e-08
20,10,9,42,5.4563e-08,-7.0082e-08
20,10,9,50,9.1355e-08,-3.9824e-08
20,10,11,10,2.4861e-08,1.067e-07
20,10,11,18,8.1231e-08,4.3788e-08
20,10,11,26,9.7687e-08,-2.8752e-08
20,10,11,34,7.1767e-08,-5.104e-08
20,10,11,42,5.4563e-08,-7.0082e-08
20,10,11,50,9.1355e-08,-3.9824e-08
20,30,1,10,4.0313e-08,2.5889e-07
20,30,1,18,2.0414e-07,1.0032e-07
20,30,1,26,2.421e-07,-7.7453e-08
20,30,1,34,1.7806e-07,-1.4993e-07
20,30,1,42,1.2171e-07,-1.945e-07
20,30,1,50,2.2176e-07,-1.1787e-07
20,30,3,10,4.0313e-08,2.5889e-07
20,30,3,18,2.0414e-07,1.0032e-07
20,30,3,26,2.421e-07,-7.7453e-08
20,30,3,34,1.7806e-07,-1.4993e-07
20,30,3,42,1.2171e-07,-1.945e-07
20,30,3,50,2.2176e-07,-1.1787e-07
20,30,5,10,4.0313e-08,2.5889e-07
20,30,5,18,2.0414e-07,1.0032e-07
20,30,5,26,2.421e-07,-7.7453e-08
20,30,5,34,1.7806e-07,-1.4993e-07
20,30,5,42,1.2171e-07,-1.945e-07
20,30,5,50,2.2176e-07,-1.1787e-07
20,30,7,10,4.0313e-08,2.5889e-07
20,30,7,18,2.0414e-07,1.0032e-07
20,30,7,26,2.421e-07,-7.7453e-08
20,30,7,34,1.7806e-07,-1.4993e-07
20,30,7,42,1.2171e-07,-1.945e-07
20,30,7,50,2.2176e-07,-1.1787e-07
20,30,9,10,4.0313e-08,2.5889e-07
20,30,9,18,2.0414e-07,1.0032e-07
20,30,9,26,2.421e-07,-7.7453e-08
20,30,9,34,1.7806e-07,-1.4993e-07
20,30,9,42,1.2171e-07,-1.945e-07
20,30,9,50,2.2176e-07,-1.1787e-07
20,30,11,10,4.0313e-08,2.5889e-07
20,30,11,18,2.0414e-07,1.0032e-07
20,30,11,26,2.421e-07,-7.7453e-08
20,30,11,34,1.7806e-07,-1.4993e-07
20,30,11,42,1.2171e-07,-1.945e-07
20,30,11,50,2.2176e-07,-1.1787e-07
20,50,1,10,2.5478e-08,3.1218e-07
20,50,1,18,2.2544e-07,1.0295e-07
20,50,1,26,2.8457e-07,-1.175e-07
20,50,1,34,2.3647e-07,-2.4349e-07
20,50,1,42,1.619e-07,-2.7644e-07
20,50,1,50,2.7608e-07,-1.8301e-07
20,50,3,10,2.5478e-08,3.1218e-07
20,50,3,18,2.2544e-07,1.0295e-07
20,50,3,26,2.8457e-07,-1.175e-07
20,50,3,34,2.3647e-07,-2.4349e-07
20,50,3,42,1.619e-07,-2.7644e-07
20,50,3,50,2.7608e-07,-1.8301e-07
20,50,5,10,2.5478e-08,3.1218e-07
20,50,5,18,2.2544e-07,1.0295e-07
20,50,5,26,2.8457e-07,-1.175e-07
20,50,5,34,2.3647e-07,-2.4349e-07
20,50,5,42,1.619e-07,-2.7644e-07
20,50,5,50,2.7608e-07,-1.8301e-07
20,50,7,10,2.5478e-08,3.1218e-07
20,50,7,18,2.2544e-07,1.0295e-07
20,50,7,26,2.8457e-07,-1.175e-07
20,50,7,34,2.3647e-07,-2.4349e-07
20,50,7,42,1.619e-07,-2.7644e-07
20,50,7,50,2.7608e-07,-1.8301e-07
20,50,9,10,2.5478e-08,3.1218e-07
20,50,9,18,2.2544e-07,1.0295e-07
20,50,9,26,2.8457e-07,-1.175e-07
20,50,9,34,2.3647e-07,-2.4349e-07
20,50,9,42,1.619e-07,-2.7644e-07
20,50,9,50,2.7608e-07,-1.8301e-07
20,50,11,10,2.5478e-08,3.1218e-07
20,50,11,18,2.2544e-07,1.0295e-07
20,50,11,26,2.8457e-07,-1.175e-07
20,50,11,34,2.3647e-07,-2.4349e-07
20,50,11,42,1.619e-07,-2.7644e-07
20,50,11,50,2.7608e-07,-1.8301e-07
20,70,1,10,1.2529e-07,3.1702e-07
20,70,1,18,1.7931e-07,8.2175e-08
20,70,1,26,2.7488e-07,-1.5658e-07
20,70,1,34,2.7859e-07,-3.2231e-07
20,70,1,42,2.4027e-07,-3.115e-07
20,70,1,50,3.1174e-07,-2.2231e-07
20,70,3,10,1.2529e-07,3.1702e-07
20,70,3,18,1.7931e-07,8.2175e-08
20,70,3,26,2.7488e-07,-1.5658e-07
20,70,3,34,2.7859e-07,-3.2231e-07
20,70,3,42,2.4027e-07,-3.115e-07
20,70,3,50,3.1174e-07,-2.2231e-07
20,70,5,10,1.2529e-07,3.1702e-07
20,70,5,18,1.7931e-07,8.2175e-08
20,70,5,26,2.7488e-07,-1.5658e-07
20,70,5,34,2.7859e-07,-3.2231e-07
20,70,5,42,2.4027e-07,-3.115e-07
20,70,5,50,3.1174e-07,-2.2231e-07
20,70,7,10,1.2529e-07,3.1702e-07
20,70,7,18,1.7931e-07,8.2175e-08
20,70,7,26,2.7488e-07,-1.5658e-07
20,70,7,34,2.7859e-07,-3.2231e-07
20,70,7,42,2.4027e-07,-3.115e-07
20,70,7,50,3.1174e-07,-2.2231e-07
20,70,9,10,1.2529e-07,3.1702e-07
20,70,9,18,1.7931e-07,8.2175e-08
20,70,9,26,2.7488e-07,-1.5658e-07
20,70,9,34,2.7859e-07,-3.2231e-07
20,70,9,42,2.4027e-07,-3.115e-07
20,70,9,50,3.1174e-07,-2.2231e-07
20,70,11,10,1.2529e-07,3.1702e-07
20,70,11,18,1.7931e-07,8.2175e-08
20,70,11,26,2.7488e-07,-1.5658e-07
20,70,11,34,2.7859e-07,-3.2231e-07
20,70,11,42,2.4027e-07,-3.115e-07
20,70,11,50,3.1174e-07,-2.2231e-07
20,90,1,10,1.6806e-07,3.026e-07
20,90,1,18,1.641e-07,6.2907e-08
20,90,1,26,2.7596e-07,-1.7968e-07
20,90,1,34,2.9645e-07,-3.5532e-07
20,90,1,42,2.7958e-07,-3.2147e-07
20,90,1,50,3.3318e-07,-2.3499e-07
20,90,3,10,1.6806e-07,3.026e-07
20,90,3,18,1.641e-07,6.2907e-08
20,90,3,26,2.7596e-07,-1.7968e-07
20,90,3,34,2.9645e-07,-3.5532e-07
20,90,3,42,2.7958e-07,-3.2147e-07
20,90,3,50,3.3318e-07,-2.3499e-07
20,90,5,10,1.6806e-07,3.026e-07
20,90,5,18,1.641e-07,6.2907e-08
20,90,5,26,2.7596e-07,-1.7968e-07
20,90,5,34,2.9645e-07,-3.5532e-07
20,90,5,42,2.7958e-07,-3.2147e-07
20,90,5,50,3.3318e-07,-2.3499e-07
20,90,7,10,1.6806e-07,3.026e-07
20,90,7,18,1.641e-07,6.2907e-08
20,90,7,26,2.7596e-07,-1.7968e-07
20,90,7,34,2.9645e-07,-3.5532e-07
20,90,7,42,2.7958e-07,-3.2147e-07
20,90,7,50,3.3318e-07,-2.3499e-07
20,90,9,10,1.6806e-07,3.026e-07
20,90,9,18,1.641e-07,6.2907e-08
20,90,9,26,2.7596e-07,-1.7968e-07
20,90,9,34,2.9645e-07,-3.5532e-07
20,90,9,42,2.7958e-07,-3.2147e-07
20,90,9,50,3.3318e-07,-2.3499e-07
20,90,11,10,1.6806e-07,3.026e-07
20,90,11,18,1.641e-07,6.2907e-08
20,90,11,26,2.7596e-07,-1.7968e-07
20,90,11,34,2.9645e-07,-3.5532e-07
20,90,11,42,2.7958e-07,-3.2147e-07
20,90,11,50,3.3318e-07,-2.3499e-07
20,110,1,10,9.7984e-08,2.6436e-07
20,110,1,18,1.7478e-07,4.9776e-08
20,110,1,26,2.6375e-07,-1.7458e-07
20,110,1,34,2.5975e-07,-3.2671e-07
20,110,1,42,2.1996e-07,-3.194e-07
20,110,1,50,3.0818e-07,-2.2448e-07
20,110,3,10,9.7984e-08,2.6436e-07
20,110,3,18,1.7478e-07,4.9776e-08
20,110,3,26,2.6375e-07,-1.7458e-07
20,110,3,34,2.5975e-07,-3.2671e-07
20,110,3,42,2.1996e-07,-3.194e-07
20,110,3,50,3.0818e-07,-2.2448e-07
20,110,5,10,9.7984e-08,2.6436e-07
20,110,5,18,1.7478e-07,4.9776e-08
20,110,5,26,2.6375e-07,-1.7458e-07
20,110,5,34,2.5975e-07,-3.2671e-07
20,110,5,42,2.1996e-07,-3.194e-07
20,110,5,50,3.0818e-07,-2.2448e-07
20,110,7,10,9.7984e-08,2.6436e-07
20,110,7,18,1.7478e-07,4.9776e-08
20,110,7,26,2.6375e-07,-1.7458e-07
20,110,7,34,2.5975e-07,-3.2671e-07
20,110,7,42,2.1996e-07,-3.194e-07
20,110,7,50,3.0818e-07,-2.2448e-07
20,110,9,10,9.7984e-08,2.6436e-07
20,110,9,18,1.7478e-07,4.9776e-08
20,110,9,26,2.6375e-07,-1.7458e-07
20,110,9,34,2.5975e-07,-3.2671e-07
20,110,9,42,2.1996e-07,-3.194e-07
20,110,9,50,3.0818e-07,-2.2448e-07
20,110,11,10,9.7984e-08,2.6436e-07
20,110,11,18,1.7478e-07,4.9776e-08
20,110,11,26,2.6375e-07,-1.7458e-07
20,110,11,34,2.5975e-07,-3.2671e-07
20,110,11,42,2.1996e-07,-3.194e-07
20,110,11,50,3.0818e-07,-2.2448e-07
