<?xml version="1.0" encoding="UTF-8"?><embeddedOutputs><metaData><evaluationState>manual</evaluationState><layoutState>code</layoutState><outputStatus>ready</outputStatus><splitterState><proportion>0.4</proportion></splitterState></metaData><outputArray type="array"><element><type>symbolic</type><outputData><name>Zdq</name><value>&lt;math xmlns='http://www.w3.org/1998/Math/MathML' display='block'&gt;
  &lt;mrow&gt;
    &lt;mo form='prefix'&gt;(&lt;/mo&gt;
    &lt;mtable&gt;
      &lt;mtr&gt;
        &lt;mtd&gt;
          &lt;mn&gt;0&lt;/mn&gt;
        &lt;/mtd&gt;
        &lt;mtd&gt;
          &lt;mn&gt;0&lt;/mn&gt;
        &lt;/mtd&gt;
      &lt;/mtr&gt;
      &lt;mtr&gt;
        &lt;mtd&gt;
          &lt;mn&gt;0&lt;/mn&gt;
        &lt;/mtd&gt;
        &lt;mtd&gt;
          &lt;mn&gt;0&lt;/mn&gt;
        &lt;/mtd&gt;
      &lt;/mtr&gt;
    &lt;/mtable&gt;
    &lt;mo form='postfix'&gt;)&lt;/mo&gt;
  &lt;/mrow&gt;
&lt;/math&gt;
</value><header></header><rows>1</rows><columns>1</columns></outputData><lineNumbers type="array"><element>38</element></lineNumbers></element><element><type>symbolic</type><outputData><name>Ca_dd</name><value>&lt;math xmlns='http://www.w3.org/1998/Math/MathML' display='block'&gt;
  &lt;mfrac&gt;
    &lt;mi&gt;Mbc&lt;/mi&gt;
    &lt;mrow&gt;
      &lt;msup&gt;
        &lt;mi&gt;w&lt;/mi&gt;
        &lt;mn&gt;2&lt;/mn&gt;
      &lt;/msup&gt;
      &lt;mo form='infix'&gt;&amp;InvisibleTimes;&lt;/mo&gt;
      &lt;mfenced&gt;
        &lt;mrow&gt;
          &lt;mrow&gt;
            &lt;mi&gt;La&lt;/mi&gt;
            &lt;mo form='infix'&gt;&amp;InvisibleTimes;&lt;/mo&gt;
            &lt;mi&gt;Mbc&lt;/mi&gt;
          &lt;/mrow&gt;
          &lt;mo&gt;-&lt;/mo&gt;
          &lt;mrow&gt;
            &lt;mi&gt;Mab&lt;/mi&gt;
            &lt;mo form='infix'&gt;&amp;InvisibleTimes;&lt;/mo&gt;
            &lt;mi&gt;Mca&lt;/mi&gt;
          &lt;/mrow&gt;
        &lt;/mrow&gt;
      &lt;/mfenced&gt;
    &lt;/mrow&gt;
  &lt;/mfrac&gt;
&lt;/math&gt;
</value><header></header><rows>1</rows><columns>1</columns></outputData><lineNumbers type="array"><element>41</element></lineNumbers></element><element><type>symbolic</type><outputData><name>Zdq</name><value>&lt;math xmlns='http://www.w3.org/1998/Math/MathML' display='block'&gt;
  &lt;mrow&gt;
    &lt;mo form='prefix'&gt;(&lt;/mo&gt;
    &lt;mtable&gt;
      &lt;mtr&gt;
        &lt;mtd&gt;
          &lt;mn&gt;0&lt;/mn&gt;
        &lt;/mtd&gt;
        &lt;mtd&gt;
          &lt;mn&gt;0&lt;/mn&gt;
        &lt;/mtd&gt;
      &lt;/mtr&gt;
      &lt;mtr&gt;
        &lt;mtd&gt;
          &lt;mn&gt;0&lt;/mn&gt;
        &lt;/mtd&gt;
        &lt;mtd&gt;
          &lt;mn&gt;0&lt;/mn&gt;
        &lt;/mtd&gt;
      &lt;/mtr&gt;
    &lt;/mtable&gt;
    &lt;mo form='postfix'&gt;)&lt;/mo&gt;
  &lt;/mrow&gt;
&lt;/math&gt;
</value><header></header><rows>1</rows><columns>1</columns></outputData><lineNumbers type="array"><element>54</element></lineNumbers></element><element><type>symbolic</type><outputData><name>Ca_yd</name><value>&lt;math xmlns='http://www.w3.org/1998/Math/MathML' display='block'&gt;
  &lt;mrow&gt;
    &lt;mo&gt;-&lt;/mo&gt;
    &lt;mfrac&gt;
      &lt;mrow&gt;
        &lt;mi&gt;Lda&lt;/mi&gt;
        &lt;mo&gt;+&lt;/mo&gt;
        &lt;mi&gt;Ldb&lt;/mi&gt;
        &lt;mo&gt;+&lt;/mo&gt;
        &lt;mi&gt;Ldc&lt;/mi&gt;
      &lt;/mrow&gt;
      &lt;mrow&gt;
        &lt;msup&gt;
          &lt;mi&gt;w&lt;/mi&gt;
          &lt;mn&gt;2&lt;/mn&gt;
        &lt;/msup&gt;
        &lt;mo form='infix'&gt;&amp;InvisibleTimes;&lt;/mo&gt;
        &lt;mfenced&gt;
          &lt;mrow&gt;
            &lt;mrow&gt;
              &lt;mi&gt;Lda&lt;/mi&gt;
              &lt;mo form='infix'&gt;&amp;InvisibleTimes;&lt;/mo&gt;
              &lt;mi&gt;Mbc&lt;/mi&gt;
            &lt;/mrow&gt;
            &lt;mo&gt;-&lt;/mo&gt;
            &lt;mrow&gt;
              &lt;mi&gt;Ldb&lt;/mi&gt;
              &lt;mo form='infix'&gt;&amp;InvisibleTimes;&lt;/mo&gt;
              &lt;mi&gt;Ldc&lt;/mi&gt;
            &lt;/mrow&gt;
            &lt;mo&gt;+&lt;/mo&gt;
            &lt;mrow&gt;
              &lt;mi&gt;Ldb&lt;/mi&gt;
              &lt;mo form='infix'&gt;&amp;InvisibleTimes;&lt;/mo&gt;
              &lt;mi&gt;Mbc&lt;/mi&gt;
            &lt;/mrow&gt;
            &lt;mo&gt;+&lt;/mo&gt;
            &lt;mrow&gt;
              &lt;mi&gt;Ldc&lt;/mi&gt;
              &lt;mo form='infix'&gt;&amp;InvisibleTimes;&lt;/mo&gt;
              &lt;mi&gt;Mbc&lt;/mi&gt;
            &lt;/mrow&gt;
          &lt;/mrow&gt;
        &lt;/mfenced&gt;
      &lt;/mrow&gt;
    &lt;/mfrac&gt;
  &lt;/mrow&gt;
&lt;/math&gt;
</value><header></header><rows>1</rows><columns>1</columns></outputData><lineNumbers type="array"><element>57</element></lineNumbers></element><element><type>symbolic</type><outputData><name>Ca_yd</name><value>&lt;math xmlns='http://www.w3.org/1998/Math/MathML' display='block'&gt;
  &lt;mfrac&gt;
    &lt;mi&gt;Ld&lt;/mi&gt;
    &lt;mrow&gt;
      &lt;msup&gt;
        &lt;mi&gt;w&lt;/mi&gt;
        &lt;mn&gt;2&lt;/mn&gt;
      &lt;/msup&gt;
      &lt;mo form='infix'&gt;&amp;InvisibleTimes;&lt;/mo&gt;
      &lt;mfenced&gt;
        &lt;mrow&gt;
          &lt;mrow&gt;
            &lt;mi&gt;Ldb&lt;/mi&gt;
            &lt;mo form='infix'&gt;&amp;InvisibleTimes;&lt;/mo&gt;
            &lt;mi&gt;Ldc&lt;/mi&gt;
          &lt;/mrow&gt;
          &lt;mo&gt;-&lt;/mo&gt;
          &lt;mrow&gt;
            &lt;mi&gt;Ld&lt;/mi&gt;
            &lt;mo form='infix'&gt;&amp;InvisibleTimes;&lt;/mo&gt;
            &lt;mi&gt;Mbc&lt;/mi&gt;
          &lt;/mrow&gt;
        &lt;/mrow&gt;
      &lt;/mfenced&gt;
    &lt;/mrow&gt;
  &lt;/mfrac&gt;
&lt;/math&gt;
</value><header></header><rows>1</rows><columns>1</columns></outputData><lineNumbers type="array"><element>60</element></lineNumbers></element><element><type>symbolic</type><outputData><name>Zdq</name><value>&lt;math xmlns='http://www.w3.org/1998/Math/MathML' display='block'&gt;
  &lt;mrow&gt;
    &lt;mo form='prefix'&gt;(&lt;/mo&gt;
    &lt;mtable&gt;
      &lt;mtr&gt;
        &lt;mtd&gt;
          &lt;mn&gt;0&lt;/mn&gt;
        &lt;/mtd&gt;
        &lt;mtd&gt;
          &lt;mn&gt;0&lt;/mn&gt;
        &lt;/mtd&gt;
      &lt;/mtr&gt;
      &lt;mtr&gt;
        &lt;mtd&gt;
          &lt;mn&gt;0&lt;/mn&gt;
        &lt;/mtd&gt;
        &lt;mtd&gt;
          &lt;mn&gt;0&lt;/mn&gt;
        &lt;/mtd&gt;
      &lt;/mtr&gt;
    &lt;/mtable&gt;
    &lt;mo form='postfix'&gt;)&lt;/mo&gt;
  &lt;/mrow&gt;
&lt;/math&gt;
</value><header></header><rows>1</rows><columns>1</columns></outputData><lineNumbers type="array"><element>74</element></lineNumbers></element><element><type>symbolic</type><outputData><name>Ca_dy</name><value>&lt;math xmlns='http://www.w3.org/1998/Math/MathML' display='block'&gt;
  &lt;mfrac&gt;
    &lt;mi&gt;Lya&lt;/mi&gt;
    &lt;mrow&gt;
      &lt;msup&gt;
        &lt;mi&gt;w&lt;/mi&gt;
        &lt;mn&gt;2&lt;/mn&gt;
      &lt;/msup&gt;
      &lt;mo form='infix'&gt;&amp;InvisibleTimes;&lt;/mo&gt;
      &lt;mfenced&gt;
        &lt;mrow&gt;
          &lt;mrow&gt;
            &lt;mi&gt;Lya&lt;/mi&gt;
            &lt;mo form='infix'&gt;&amp;InvisibleTimes;&lt;/mo&gt;
            &lt;mi&gt;Lyb&lt;/mi&gt;
          &lt;/mrow&gt;
          &lt;mo&gt;+&lt;/mo&gt;
          &lt;mrow&gt;
            &lt;mi&gt;Lya&lt;/mi&gt;
            &lt;mo form='infix'&gt;&amp;InvisibleTimes;&lt;/mo&gt;
            &lt;mi&gt;Lyc&lt;/mi&gt;
          &lt;/mrow&gt;
          &lt;mo&gt;+&lt;/mo&gt;
          &lt;mrow&gt;
            &lt;mi&gt;Lyb&lt;/mi&gt;
            &lt;mo form='infix'&gt;&amp;InvisibleTimes;&lt;/mo&gt;
            &lt;mi&gt;Lyc&lt;/mi&gt;
          &lt;/mrow&gt;
        &lt;/mrow&gt;
      &lt;/mfenced&gt;
    &lt;/mrow&gt;
  &lt;/mfrac&gt;
&lt;/math&gt;
</value><header></header><rows>1</rows><columns>1</columns></outputData><lineNumbers type="array"><element>77</element></lineNumbers></element><element><type>symbolic</type><outputData><name>Zdq</name><value>&lt;math xmlns='http://www.w3.org/1998/Math/MathML' display='block'&gt;
  &lt;mrow&gt;
    &lt;mo form='prefix'&gt;(&lt;/mo&gt;
    &lt;mtable&gt;
      &lt;mtr&gt;
        &lt;mtd&gt;
          &lt;mn&gt;0&lt;/mn&gt;
        &lt;/mtd&gt;
        &lt;mtd&gt;
          &lt;mn&gt;0&lt;/mn&gt;
        &lt;/mtd&gt;
        &lt;mtd&gt;
          &lt;mrow&gt;
            &lt;mo&gt;-&lt;/mo&gt;
            &lt;mfrac&gt;
              &lt;mrow&gt;
                &lt;mn&gt;3&lt;/mn&gt;
                &lt;mo form='infix'&gt;&amp;InvisibleTimes;&lt;/mo&gt;
                &lt;msqrt&gt;
                  &lt;mn&gt;2&lt;/mn&gt;
                &lt;/msqrt&gt;
                &lt;mo form='infix'&gt;&amp;InvisibleTimes;&lt;/mo&gt;
                &lt;mi&gt;w&lt;/mi&gt;
                &lt;mo form='infix'&gt;&amp;InvisibleTimes;&lt;/mo&gt;
                &lt;mfenced&gt;
                  &lt;mrow&gt;
                    &lt;mrow&gt;
                      &lt;mi&gt;Mbc&lt;/mi&gt;
                      &lt;mo form='infix'&gt;&amp;InvisibleTimes;&lt;/mo&gt;
                      &lt;mo&gt;&amp;ii;&lt;/mo&gt;
                    &lt;/mrow&gt;
                    &lt;mo&gt;-&lt;/mo&gt;
                    &lt;mrow&gt;
                      &lt;mi&gt;Mca&lt;/mi&gt;
                      &lt;mo form='infix'&gt;&amp;InvisibleTimes;&lt;/mo&gt;
                      &lt;mo&gt;&amp;ii;&lt;/mo&gt;
                    &lt;/mrow&gt;
                  &lt;/mrow&gt;
                &lt;/mfenced&gt;
              &lt;/mrow&gt;
              &lt;mn&gt;2&lt;/mn&gt;
            &lt;/mfrac&gt;
          &lt;/mrow&gt;
        &lt;/mtd&gt;
      &lt;/mtr&gt;
      &lt;mtr&gt;
        &lt;mtd&gt;
          &lt;mn&gt;0&lt;/mn&gt;
        &lt;/mtd&gt;
        &lt;mtd&gt;
          &lt;mn&gt;0&lt;/mn&gt;
        &lt;/mtd&gt;
        &lt;mtd&gt;
          &lt;mrow&gt;
            &lt;mo&gt;-&lt;/mo&gt;
            &lt;mfrac&gt;
              &lt;mrow&gt;
                &lt;msqrt&gt;
                  &lt;mn&gt;6&lt;/mn&gt;
                &lt;/msqrt&gt;
                &lt;mo form='infix'&gt;&amp;InvisibleTimes;&lt;/mo&gt;
                &lt;mi&gt;w&lt;/mi&gt;
                &lt;mo form='infix'&gt;&amp;InvisibleTimes;&lt;/mo&gt;
                &lt;mfenced&gt;
                  &lt;mrow&gt;
                    &lt;mo&gt;-&lt;/mo&gt;
                    &lt;mrow&gt;
                      &lt;mn&gt;2&lt;/mn&gt;
                      &lt;mo form='infix'&gt;&amp;InvisibleTimes;&lt;/mo&gt;
                      &lt;mi&gt;Mab&lt;/mi&gt;
                      &lt;mo form='infix'&gt;&amp;InvisibleTimes;&lt;/mo&gt;
                      &lt;mo&gt;&amp;ii;&lt;/mo&gt;
                    &lt;/mrow&gt;
                    &lt;mo&gt;+&lt;/mo&gt;
                    &lt;mrow&gt;
                      &lt;mi&gt;Mbc&lt;/mi&gt;
                      &lt;mo form='infix'&gt;&amp;InvisibleTimes;&lt;/mo&gt;
                      &lt;mo&gt;&amp;ii;&lt;/mo&gt;
                    &lt;/mrow&gt;
                    &lt;mo&gt;+&lt;/mo&gt;
                    &lt;mrow&gt;
                      &lt;mi&gt;Mca&lt;/mi&gt;
                      &lt;mo form='infix'&gt;&amp;InvisibleTimes;&lt;/mo&gt;
                      &lt;mo&gt;&amp;ii;&lt;/mo&gt;
                    &lt;/mrow&gt;
                  &lt;/mrow&gt;
                &lt;/mfenced&gt;
              &lt;/mrow&gt;
              &lt;mn&gt;2&lt;/mn&gt;
            &lt;/mfrac&gt;
          &lt;/mrow&gt;
        &lt;/mtd&gt;
      &lt;/mtr&gt;
      &lt;mtr&gt;
        &lt;mtd&gt;
          &lt;mn&gt;0&lt;/mn&gt;
        &lt;/mtd&gt;
        &lt;mtd&gt;
          &lt;mn&gt;0&lt;/mn&gt;
        &lt;/mtd&gt;
        &lt;mtd&gt;
          &lt;mn&gt;0&lt;/mn&gt;
        &lt;/mtd&gt;
      &lt;/mtr&gt;
    &lt;/mtable&gt;
    &lt;mo form='postfix'&gt;)&lt;/mo&gt;
  &lt;/mrow&gt;
&lt;/math&gt;
</value><header></header><rows>1</rows><columns>1</columns></outputData><lineNumbers type="array"><element>91</element></lineNumbers></element><element><type>symbolic</type><outputData><name>Ca_yy</name><value>&lt;math xmlns='http://www.w3.org/1998/Math/MathML' display='block'&gt;
  &lt;mfrac&gt;
    &lt;mn&gt;1&lt;/mn&gt;
    &lt;mrow&gt;
      &lt;mi&gt;Lya&lt;/mi&gt;
      &lt;mo form='infix'&gt;&amp;InvisibleTimes;&lt;/mo&gt;
      &lt;msup&gt;
        &lt;mi&gt;w&lt;/mi&gt;
        &lt;mn&gt;2&lt;/mn&gt;
      &lt;/msup&gt;
    &lt;/mrow&gt;
  &lt;/mfrac&gt;
&lt;/math&gt;
</value><header></header><rows>1</rows><columns>1</columns></outputData><lineNumbers type="array"><element>94</element></lineNumbers></element></outputArray><regionArray type="array"><element><code><sectionBreak>true</sectionBreak><endOfSection>false</endOfSection><regionString>warning off</regionString><regionNumber>0</regionNumber></code><startLine>1</startLine><endLine>1</endLine><outputIndexes type="array"/></element><element><code><sectionBreak>false</sectionBreak><endOfSection>false</endOfSection><regionString>syms Ca Cb Cc w La Lb Lc Mab Mbc Mca</regionString><regionNumber>1</regionNumber></code><startLine>3</startLine><endLine>3</endLine><outputIndexes type="array"/></element><element><code><sectionBreak>false</sectionBreak><endOfSection>false</endOfSection><regionString>syms Lya Lda Lyb Ldb Lyc Ldc Ld</regionString><regionNumber>2</regionNumber></code><startLine>4</startLine><endLine>4</endLine><outputIndexes type="array"/></element><element><code><sectionBreak>false</sectionBreak><endOfSection>false</endOfSection><regionString>L = [La,Mab,Mca;Mab,Lb,Mbc;Mca,Mbc,Lc]; % Inductance Matrix (Equation 1)</regionString><regionNumber>3</regionNumber></code><startLine>6</startLine><endLine>6</endLine><outputIndexes type="array"/></element><element><code><sectionBreak>false</sectionBreak><endOfSection>false</endOfSection><regionString>C = diag([Ca,Cb,Cc]);                   % Capacitor Matrix (Equation 21)</regionString><regionNumber>4</regionNumber></code><startLine>7</startLine><endLine>7</endLine><outputIndexes type="array"/></element><element><code><sectionBreak>false</sectionBreak><endOfSection>false</endOfSection><regionString>O = sym(zeros(3,3));                    % Zero Matrix</regionString><regionNumber>5</regionNumber></code><startLine>8</startLine><endLine>8</endLine><outputIndexes type="array"/></element><element><code><sectionBreak>false</sectionBreak><endOfSection>false</endOfSection><regionString>I = sym(eye(3,3));                      % Identity Matrix</regionString><regionNumber>6</regionNumber></code><startLine>9</startLine><endLine>9</endLine><outputIndexes type="array"/></element><element><code><sectionBreak>false</sectionBreak><endOfSection>false</endOfSection><regionString>P = circshift(I,[1,0]);                 % Permutation Matrix (Equation 6)</regionString><regionNumber>7</regionNumber></code><startLine>10</startLine><endLine>10</endLine><outputIndexes type="array"/></element><element><code><sectionBreak>false</sectionBreak><endOfSection>false</endOfSection><regionString>Dy = I - P';                            % Wye-Difference Matrix (Equation 5)</regionString><regionNumber>8</regionNumber></code><startLine>11</startLine><endLine>11</endLine><outputIndexes type="array"/></element><element><code><sectionBreak>false</sectionBreak><endOfSection>false</endOfSection><regionString>Dd = P - P';                            % Delta-Difference Matrix (Equation 3)</regionString><regionNumber>9</regionNumber></code><startLine>12</startLine><endLine>12</endLine><outputIndexes type="array"/></element><element><code><sectionBreak>false</sectionBreak><endOfSection>true</endOfSection><regionString>T = sqrt(2/3)*sym([1,-1/2,-1/2;
                    0,sqrt(3)/2,-sqrt(3)/2;
                    sqrt(2)/2,sqrt(2)/2,sqrt(2)/2]);</regionString><regionNumber>10</regionNumber></code><startLine>15</startLine><endLine>17</endLine><outputIndexes type="array"/></element><element><code><sectionBreak>true</sectionBreak><endOfSection>false</endOfSection><regionString>Z = [1i*w*P*L,P*I;-I,1i*w*C];</regionString><regionNumber>11</regionNumber></code><startLine>21</startLine><endLine>21</endLine><outputIndexes type="array"/></element><element><code><sectionBreak>false</sectionBreak><endOfSection>false</endOfSection><regionString>Zdq = blkdiag(T,T)*Z*blkdiag(T,T)';</regionString><regionNumber>12</regionNumber></code><startLine>24</startLine><endLine>24</endLine><outputIndexes type="array"/></element><element><code><sectionBreak>false</sectionBreak><endOfSection>false</endOfSection><regionString>Zdq = simplify(Zdq(1:2,1:2)-simplify(Zdq(1:2,3:6)*(simplify(Zdq(3:6,3:6)\Zdq(3:6,1:2)))));</regionString><regionNumber>13</regionNumber></code><startLine>27</startLine><endLine>27</endLine><outputIndexes type="array"/></element><element><code><sectionBreak>false</sectionBreak><endOfSection>false</endOfSection><regionString>z_dd.Ca = solve(Zdq(1,1),Ca);</regionString><regionNumber>14</regionNumber></code><startLine>30</startLine><endLine>30</endLine><outputIndexes type="array"/></element><element><code><sectionBreak>false</sectionBreak><endOfSection>false</endOfSection><regionString>Zdq = subs(Zdq,Ca,z_dd.Ca);</regionString><regionNumber>15</regionNumber></code><startLine>31</startLine><endLine>31</endLine><outputIndexes type="array"/></element><element><code><sectionBreak>false</sectionBreak><endOfSection>false</endOfSection><regionString>z_dd.Cb = solve(Zdq(1,2),Cb);</regionString><regionNumber>16</regionNumber></code><startLine>32</startLine><endLine>32</endLine><outputIndexes type="array"/></element><element><code><sectionBreak>false</sectionBreak><endOfSection>false</endOfSection><regionString>Zdq = subs(Zdq,Cb,z_dd.Cb);</regionString><regionNumber>17</regionNumber></code><startLine>33</startLine><endLine>33</endLine><outputIndexes type="array"/></element><element><code><sectionBreak>false</sectionBreak><endOfSection>false</endOfSection><regionString>z_dd.Cc = solve(Zdq(2,2),Cc);</regionString><regionNumber>18</regionNumber></code><startLine>34</startLine><endLine>34</endLine><outputIndexes type="array"/></element><element><code><sectionBreak>false</sectionBreak><endOfSection>false</endOfSection><regionString>z_dd.Cb = subs(z_dd.Cb,Cc,z_dd.Cc);</regionString><regionNumber>19</regionNumber></code><startLine>35</startLine><endLine>35</endLine><outputIndexes type="array"/></element><element><code><sectionBreak>false</sectionBreak><endOfSection>false</endOfSection><regionString>z_dd.Ca = subs(z_dd.Ca,Cc,z_dd.Cc);</regionString><regionNumber>20</regionNumber></code><startLine>36</startLine><endLine>36</endLine><outputIndexes type="array"/></element><element><code><sectionBreak>false</sectionBreak><endOfSection>false</endOfSection><regionString>z_dd.Ca = subs(z_dd.Ca,Cb,z_dd.Cb);</regionString><regionNumber>21</regionNumber></code><startLine>37</startLine><endLine>37</endLine><outputIndexes type="array"/></element><element><code><sectionBreak>false</sectionBreak><endOfSection>false</endOfSection><regionString>Zdq = simplify(subs(Zdq,[Ca,Cb,Cc],[z_dd.Ca,z_dd.Cb,z_dd.Cc]))</regionString><regionNumber>22</regionNumber></code><startLine>40</startLine><endLine>40</endLine><outputIndexes type="array"><element>0</element></outputIndexes></element><element><code><sectionBreak>false</sectionBreak><endOfSection>true</endOfSection><regionString>Ca_dd = simplify(z_dd.Ca)</regionString><regionNumber>23</regionNumber></code><startLine>43</startLine><endLine>43</endLine><outputIndexes type="array"><element>1</element></outputIndexes></element><element><code><sectionBreak>true</sectionBreak><endOfSection>false</endOfSection><regionString>Z = [1i*w*P*L,Dy;-Dd,1i*w*C];</regionString><regionNumber>24</regionNumber></code><startLine>47</startLine><endLine>47</endLine><outputIndexes type="array"/></element><element><code><sectionBreak>false</sectionBreak><endOfSection>false</endOfSection><regionString>Zdq = blkdiag(T,T)*Z*blkdiag(T,T)'; % Transform to alpha-beta-gamma coordinates</regionString><regionNumber>25</regionNumber></code><startLine>49</startLine><endLine>49</endLine><outputIndexes type="array"/></element><element><code><sectionBreak>false</sectionBreak><endOfSection>false</endOfSection><regionString>Zdq = (Zdq(1:2,1:2)-(Zdq(1:2,3:6)*((Zdq(3:6,3:6)\Zdq(3:6,1:2)))));</regionString><regionNumber>26</regionNumber></code><startLine>52</startLine><endLine>52</endLine><outputIndexes type="array"/></element><element><code><sectionBreak>false</sectionBreak><endOfSection>false</endOfSection><regionString>z_yd = solve([Zdq(1,1),Zdq(1,2),Zdq(2,2)],[Ca,Cb,Cc]);</regionString><regionNumber>27</regionNumber></code><startLine>55</startLine><endLine>55</endLine><outputIndexes type="array"/></element><element><code><sectionBreak>false</sectionBreak><endOfSection>false</endOfSection><regionString>Zdq = simplify(subs(Zdq,[Ca,Cb,Cc],[z_yd.Ca,z_yd.Cb,z_yd.Cc]))</regionString><regionNumber>28</regionNumber></code><startLine>58</startLine><endLine>58</endLine><outputIndexes type="array"><element>2</element></outputIndexes></element><element><code><sectionBreak>false</sectionBreak><endOfSection>false</endOfSection><regionString>Ca_yd = simplify(subs(z_yd.Ca,[La,Lb,Lc],[Lda-Mab-Mca,Ldb-Mbc-Mab,Ldc-Mca-Mbc]))</regionString><regionNumber>29</regionNumber></code><startLine>61</startLine><endLine>61</endLine><outputIndexes type="array"><element>3</element></outputIndexes></element><element><code><sectionBreak>false</sectionBreak><endOfSection>true</endOfSection><regionString>Ca_yd = simplify(subs(Ca_yd,Lda,Ld-Ldb-Ldc))</regionString><regionNumber>30</regionNumber></code><startLine>64</startLine><endLine>64</endLine><outputIndexes type="array"><element>4</element></outputIndexes></element><element><code><sectionBreak>true</sectionBreak><endOfSection>false</endOfSection><regionString>Z = [1i*w*Dy*L,P;-I,1i*w*Dd*C];</regionString><regionNumber>31</regionNumber></code><startLine>68</startLine><endLine>68</endLine><outputIndexes type="array"/></element><element><code><sectionBreak>false</sectionBreak><endOfSection>false</endOfSection><regionString>Zdq = blkdiag(T,T)*Z*blkdiag(T,T)';</regionString><regionNumber>32</regionNumber></code><startLine>71</startLine><endLine>71</endLine><outputIndexes type="array"/></element><element><code><sectionBreak>false</sectionBreak><endOfSection>false</endOfSection><regionString>Zdq = simplify(Zdq(1:2,1:2)-simplify(Zdq(1:2,3:6)*(simplify(Zdq(3:6,3:6)\Zdq(3:6,1:2)))));</regionString><regionNumber>33</regionNumber></code><startLine>74</startLine><endLine>74</endLine><outputIndexes type="array"/></element><element><code><sectionBreak>false</sectionBreak><endOfSection>false</endOfSection><regionString>z_dy = solve([Zdq(1,1),Zdq(1,2),Zdq(2,2)],[Ca,Cb,Cc]);</regionString><regionNumber>34</regionNumber></code><startLine>77</startLine><endLine>77</endLine><outputIndexes type="array"/></element><element><code><sectionBreak>false</sectionBreak><endOfSection>false</endOfSection><regionString>Zdq = simplify(subs(Zdq,[Ca,Cb,Cc],[z_dy.Ca,z_dy.Cb,z_dy.Cc]))</regionString><regionNumber>35</regionNumber></code><startLine>80</startLine><endLine>80</endLine><outputIndexes type="array"><element>5</element></outputIndexes></element><element><code><sectionBreak>false</sectionBreak><endOfSection>true</endOfSection><regionString>Ca_dy = simplify(subs(z_dy.Ca,[La,Lb,Lc],[Lya+Mab-Mbc+Mca,Lyb+Mbc-Mca+Mab,Lyc+Mca-Mab+Mbc]))</regionString><regionNumber>36</regionNumber></code><startLine>83</startLine><endLine>83</endLine><outputIndexes type="array"><element>6</element></outputIndexes></element><element><code><sectionBreak>true</sectionBreak><endOfSection>false</endOfSection><regionString>Z = [1i*w*Dy*L,Dy; -I,1i*w*C];</regionString><regionNumber>37</regionNumber></code><startLine>87</startLine><endLine>87</endLine><outputIndexes type="array"/></element><element><code><sectionBreak>false</sectionBreak><endOfSection>false</endOfSection><regionString>Zdq = blkdiag(T,T)*Z*blkdiag(T,T)';</regionString><regionNumber>38</regionNumber></code><startLine>90</startLine><endLine>90</endLine><outputIndexes type="array"/></element><element><code><sectionBreak>false</sectionBreak><endOfSection>false</endOfSection><regionString>Zdq = simplify(Zdq(1:3,1:3)-simplify(simplify(Zdq(1:3,4:6))*(simplify(Zdq(4:6,4:6)\simplify(Zdq(4:6,1:3))))));</regionString><regionNumber>39</regionNumber></code><startLine>93</startLine><endLine>93</endLine><outputIndexes type="array"/></element><element><code><sectionBreak>false</sectionBreak><endOfSection>false</endOfSection><regionString>z_yy = solve([Zdq(1,1),Zdq(1,2),Zdq(2,2),Zdq(2,1)],[Ca,Cb,Cc]);</regionString><regionNumber>40</regionNumber></code><startLine>96</startLine><endLine>96</endLine><outputIndexes type="array"/></element><element><code><sectionBreak>false</sectionBreak><endOfSection>false</endOfSection><regionString>Zdq = simplify(subs(Zdq,[Ca,Cb,Cc],[z_yy.Ca,z_yy.Cb,z_yy.Cc]))</regionString><regionNumber>41</regionNumber></code><startLine>99</startLine><endLine>99</endLine><outputIndexes type="array"><element>7</element></outputIndexes></element><element><code><sectionBreak>false</sectionBreak><endOfSection>false</endOfSection><regionString>Ca_yy = subs(z_yy.Ca,La,Lya+Mab-Mbc+Mca)</regionString><regionNumber>42</regionNumber></code><startLine>102</startLine><endLine>102</endLine><outputIndexes type="array"><element>8</element></outputIndexes></element><element><code><sectionBreak>false</sectionBreak><endOfSection>true</endOfSection><regionString>warning on</regionString><regionNumber>43</regionNumber></code><startLine>104</startLine><endLine>104</endLine><outputIndexes type="array"/></element></regionArray></embeddedOutputs>